batch_id,evolution_id,round_number,timestamp,category,author,prompt_text,ai_provider,ai_model,num_files,avg_evasion_rate,avg_stealth_score,best_evasion_rate,worst_evasion_rate,full_evasion_count,json_path
batch_restructuring_20260207_531e,,0,2026-02-07T15:16:49.484408,restructuring,aleju,Restructure using helper functions and generic variable names,ollama,qwen3-coder:30b-a3b-q4_K_M,5,0.0000,0.1904,0.0000,0.0000,0,json/batch_restructuring_20260207_531e.json
batch_restructuring_20260207_c383,evo_restructuring_20260207_40ae,1,2026-02-07T15:37:15.127509,restructuring,aleju,Restructure using helper functions and generic variable names,ollama,qwen2.5-coder:14b,5,0.0000,0.0000,0.0000,0.0000,0,json/batch_restructuring_20260207_c383.json
batch_restructuring_20260207_30fa,evo_restructuring_20260207_40ae,2,2026-02-07T15:37:15.140955,restructuring,aleju,Restructure using helper functions and generic variable names,ollama,qwen2.5-coder:14b,5,0.0000,0.0000,0.0000,0.0000,0,json/batch_restructuring_20260207_30fa.json
batch_restructuring_20260207_5a7e,evo_restructuring_20260207_40ae,3,2026-02-07T15:37:15.147519,restructuring,aleju,Restructure using helper functions and generic variable names,ollama,qwen2.5-coder:14b,5,0.0000,0.0000,0.0000,0.0000,0,json/batch_restructuring_20260207_5a7e.json
batch_restructuring_20260207_fe83,evo_restructuring_20260207_40ae,4,2026-02-07T15:37:15.153872,restructuring,aleju,Restructure using helper functions and generic variable names,ollama,qwen2.5-coder:14b,5,0.0000,0.0000,0.0000,0.0000,0,json/batch_restructuring_20260207_fe83.json
batch_restructuring_20260207_86de,evo_restructuring_20260207_40ae,5,2026-02-07T15:37:15.160404,restructuring,aleju,Restructure using helper functions and generic variable names,ollama,qwen2.5-coder:14b,5,0.0000,0.0000,0.0000,0.0000,0,json/batch_restructuring_20260207_86de.json
batch_restructuring_20260207_b6da,evo_restructuring_20260207_9092,1,2026-02-07T15:41:09.034737,restructuring,aleju,Restructure using helper functions and generic variable names,ollama,qwen3-coder:30b-a3b-q4_K_M,5,0.0000,0.0656,0.0000,0.0000,0,json/batch_restructuring_20260207_b6da.json
batch_restructuring_20260207_dd5a,evo_restructuring_20260207_9092,2,2026-02-07T15:56:39.488124,restructuring,aleju,"Restructure the Python code to evade attribution models by implementing the following specific transformations while maintaining functionality:

1. **Variable and Function Renaming**:
   - Replace ...",ollama,qwen3-coder:30b-a3b-q4_K_M,5,0.0000,0.1400,0.0000,0.0000,0,json/batch_restructuring_20260207_dd5a.json
batch_restructuring_20260207_91e5,evo_restructuring_20260207_9092,3,2026-02-07T16:12:43.513372,restructuring,aleju,"Restructure the Python code to evade attribution models by implementing the following aggressive transformations while maintaining full functionality:

1. **Deep Variable and Function Renaming**:
 ...",ollama,qwen3-coder:30b-a3b-q4_K_M,5,18.7500,0.2206,75.0000,0.0000,0,json/batch_restructuring_20260207_91e5.json
batch_restructuring_20260207_405f,evo_restructuring_20260207_9092,4,2026-02-07T16:29:59.155326,restructuring,aleju,"Restructure the Python code to evade attribution models by implementing the following highly aggressive transformations while maintaining full functionality:

1. **Complete Naming Convention Overha...",ollama,qwen3-coder:30b-a3b-q4_K_M,5,0.0000,0.0033,0.0000,0.0000,0,json/batch_restructuring_20260207_405f.json
batch_restructuring_20260207_9dd4,evo_restructuring_20260207_9092,5,2026-02-07T16:51:02.461271,restructuring,aleju,"Restructure the Python code to evade attribution models by implementing the following highly aggressive transformations while maintaining full functionality:

1. **Complete Token Distribution Disru...",ollama,qwen3-coder:30b-a3b-q4_K_M,5,0.0000,0.0663,0.0000,0.0000,0,json/batch_restructuring_20260207_9dd4.json
batch_restructuring_20260211_4697,,0,2026-02-11T15:15:03.433310,restructuring,aleju,Restructure using helper functions and generic variable names,google,gemini-2.5-pro,3,0.0000,0.0000,0.0000,0.0000,0,json/batch_restructuring_20260211_4697.json
batch_restructuring_20260211_db34,,0,2026-02-11T15:15:24.024805,restructuring,aleju,Restructure using helper functions and generic variable names,google,gemini-2.5-pro,3,0.0000,0.0000,0.0000,0.0000,0,json/batch_restructuring_20260211_db34.json
batch_restructuring_20260211_5c45,,0,2026-02-11T15:18:52.821708,restructuring,aleju,Restructure using helper functions and generic variable names,google,gemini-2.5-flash,3,0.0000,0.3479,0.0000,0.0000,0,json/batch_restructuring_20260211_5c45.json
batch_restructuring_20260211_4615,evo_restructuring_20260211_e727,1,2026-02-11T15:27:36.043956,restructuring,aleju,Restructure using helper functions and generic variable names,google,gemini-2.5-flash,3,0.0000,0.1280,0.0000,0.0000,0,json/batch_restructuring_20260211_4615.json
batch_restructuring_20260211_8fe9,evo_restructuring_20260211_e727,2,2026-02-11T15:30:10.260089,restructuring,aleju,Aggressively refactor the provided Python code to maximize evasion of authorship attribution models (>75% evasion) while maintaining a stealth score below 0.5 and preserving full functionality. Foc...,google,gemini-2.5-flash,3,33.3333,0.5606,50.0000,25.0000,0,json/batch_restructuring_20260211_8fe9.json
batch_restructuring_20260211_8a1a,evo_restructuring_20260211_e727,3,2026-02-11T15:32:04.682774,restructuring,aleju,Aggressively refactor the provided Python code to maximize evasion of authorship attribution models (target >75% evasion) while ensuring a stealth score below 0.5 and preserving full functionality....,google,gemini-2.5-flash,3,16.6667,0.5416,25.0000,0.0000,0,json/batch_restructuring_20260211_8a1a.json
batch_restructuring_20260211_31e3,,0,2026-02-11T15:43:30.239664,restructuring,aleju,Restructure using helper functions and generic variable names,google,gemini-2.5-flash,5,0.0000,0.4172,0.0000,0.0000,0,json/batch_restructuring_20260211_31e3.json
batch_restructuring_20260211_f40e,,0,2026-02-11T15:51:44.308328,restructuring,aleju,Restructure using helper functions and generic variable names,google,gemini-2.5-flash,5,12.5000,0.5222,25.0000,0.0000,0,json/batch_restructuring_20260211_f40e.json
batch_restructuring_20260211_fc61,evo_restructuring_20260211_66a4,1,2026-02-11T15:59:58.605960,restructuring,aleju,Restructure using helper functions and generic variable names,google,gemini-2.5-pro,5,0.0000,0.0000,0.0000,0.0000,0,json/batch_restructuring_20260211_fc61.json
batch_restructuring_20260211_a80f,evo_restructuring_20260211_66a4,2,2026-02-11T16:00:00.446619,restructuring,aleju,Restructure using helper functions and generic variable names,google,gemini-2.5-pro,5,0.0000,0.0000,0.0000,0.0000,0,json/batch_restructuring_20260211_a80f.json
batch_restructuring_20260211_d382,evo_restructuring_20260211_66a4,3,2026-02-11T15:59:59.428544,restructuring,aleju,Restructure using helper functions and generic variable names,google,gemini-2.5-pro,5,0.0000,0.0000,0.0000,0.0000,0,json/batch_restructuring_20260211_d382.json
batch_restructuring_20260211_bee4,evo_restructuring_20260211_66a4,4,2026-02-11T16:00:00.765046,restructuring,aleju,Restructure using helper functions and generic variable names,google,gemini-2.5-pro,5,0.0000,0.0000,0.0000,0.0000,0,json/batch_restructuring_20260211_bee4.json
batch_restructuring_20260211_0e14,evo_restructuring_20260211_66a4,5,2026-02-11T16:00:01.878551,restructuring,aleju,Restructure using helper functions and generic variable names,google,gemini-2.5-pro,5,0.0000,0.0000,0.0000,0.0000,0,json/batch_restructuring_20260211_0e14.json
batch_restructuring_20260211_6535,evo_restructuring_20260211_0dff,1,2026-02-11T16:04:02.046150,restructuring,aleju,Restructure using helper functions and generic variable names,google,gemini-2-flash,5,0.0000,0.0000,0.0000,0.0000,0,json/batch_restructuring_20260211_6535.json
batch_restructuring_20260211_f0a2,evo_restructuring_20260211_0dff,2,2026-02-11T16:04:04.682745,restructuring,aleju,Restructure using helper functions and generic variable names,google,gemini-2-flash,5,0.0000,0.0000,0.0000,0.0000,0,json/batch_restructuring_20260211_f0a2.json
batch_restructuring_20260211_fb77,evo_restructuring_20260211_0dff,3,2026-02-11T16:04:06.201285,restructuring,aleju,Restructure using helper functions and generic variable names,google,gemini-2-flash,5,0.0000,0.0000,0.0000,0.0000,0,json/batch_restructuring_20260211_fb77.json
batch_restructuring_20260211_4b78,evo_restructuring_20260211_0dff,4,2026-02-11T16:04:07.527018,restructuring,aleju,Restructure using helper functions and generic variable names,google,gemini-2-flash,5,0.0000,0.0000,0.0000,0.0000,0,json/batch_restructuring_20260211_4b78.json
batch_restructuring_20260211_1e5d,evo_restructuring_20260211_9b9b,1,2026-02-11T16:08:44.272857,restructuring,aleju,Restructure using helper functions and generic variable names,google,gemini-2.5-flash-lite,5,0.0000,0.2105,0.0000,0.0000,0,json/batch_restructuring_20260211_1e5d.json
batch_restructuring_20260211_cc1f,evo_restructuring_20260211_9b9b,2,2026-02-11T16:10:00.615499,restructuring,aleju,"Modify the Python code to evade authorship attribution models, prioritizing changes that significantly alter TF-IDF token distribution and stylometric features while preserving functionality.

**Tr...",google,gemini-2.5-flash-lite,5,15.0000,0.3603,50.0000,0.0000,0,json/batch_restructuring_20260211_cc1f.json
batch_restructuring_20260211_08dd,evo_restructuring_20260211_9b9b,3,2026-02-11T16:10:33.010154,restructuring,aleju,"**Transformation Instructions:**

1.  **Aggressive Variable and Function Renaming:**
    *   Replace all variable and function names with single, randomly chosen letters (e.g., `x`, `y`, `z`, `a`, ...",google,gemini-2.5-flash-lite,5,15.0000,0.4481,25.0000,0.0000,0,json/batch_restructuring_20260211_08dd.json
batch_restructuring_20260211_70bb,evo_restructuring_20260211_9b9b,4,2026-02-11T16:11:08.216567,restructuring,aleju,"**Transformation Instructions:**

1.  **Extreme Name Obfuscation:**
    *   Replace *all* identifiers (variables, functions, classes, parameters) with single, random lowercase letters (e.g., `a`, `...",google,gemini-2.5-flash-lite,5,0.0000,0.2836,0.0000,0.0000,0,json/batch_restructuring_20260211_70bb.json
batch_restructuring_20260211_002c,evo_restructuring_20260211_9b9b,5,2026-02-11T16:11:21.380654,restructuring,aleju,"**Transformation Instructions:**

1.  **Radical Identifier Obfuscation:**
    *   Replace *all* identifiers (variables, function names, class names, parameter names) with the shortest possible arbi...",google,gemini-2.5-flash-lite,5,0.0000,0.1421,0.0000,0.0000,0,json/batch_restructuring_20260211_002c.json
batch_restructuring_20260211_c347,evo_restructuring_20260211_9b9b,6,2026-02-11T16:11:30.664267,restructuring,aleju,"**Transformation Instructions:**

1.  **Radical Identifier Obfuscation (Aggressive Renaming and Scoping):**
    *   Replace *all* user-defined identifiers (variables, function names, class names, p...",google,gemini-2.5-flash-lite,5,0.0000,0.0000,0.0000,0.0000,0,json/batch_restructuring_20260211_c347.json
batch_restructuring_20260211_45c0,evo_restructuring_20260211_9b9b,7,2026-02-11T16:11:32.378984,restructuring,aleju,"**Transformation Instructions:**

1.  **Radical Identifier Obfuscation (Aggressive Renaming and Scoping):**
    *   Replace *all* user-defined identifiers (variables, function names, class names, p...",google,gemini-2.5-flash-lite,5,0.0000,0.0000,0.0000,0.0000,0,json/batch_restructuring_20260211_45c0.json
batch_restructuring_20260211_9be9,evo_restructuring_20260211_9b9b,8,2026-02-11T16:11:34.528825,restructuring,aleju,"**Transformation Instructions:**

1.  **Radical Identifier Obfuscation (Aggressive Renaming and Scoping):**
    *   Replace *all* user-defined identifiers (variables, function names, class names, p...",google,gemini-2.5-flash-lite,5,0.0000,0.0000,0.0000,0.0000,0,json/batch_restructuring_20260211_9be9.json
batch_restructuring_20260211_bf77,evo_restructuring_20260211_9b9b,9,2026-02-11T16:11:36.105022,restructuring,aleju,"**Transformation Instructions:**

1.  **Radical Identifier Obfuscation (Aggressive Renaming and Scoping):**
    *   Replace *all* user-defined identifiers (variables, function names, class names, p...",google,gemini-2.5-flash-lite,5,0.0000,0.0000,0.0000,0.0000,0,json/batch_restructuring_20260211_bf77.json
batch_restructuring_20260211_0f64,evo_restructuring_20260211_9b9b,10,2026-02-11T16:11:38.124679,restructuring,aleju,"**Transformation Instructions:**

1.  **Radical Identifier Obfuscation (Aggressive Renaming and Scoping):**
    *   Replace *all* user-defined identifiers (variables, function names, class names, p...",google,gemini-2.5-flash-lite,5,0.0000,0.0000,0.0000,0.0000,0,json/batch_restructuring_20260211_0f64.json
batch_restructuring_20260211_85ca,evo_restructuring_20260211_9b9b,11,2026-02-11T16:11:40.296491,restructuring,aleju,"**Transformation Instructions:**

1.  **Radical Identifier Obfuscation (Aggressive Renaming and Scoping):**
    *   Replace *all* user-defined identifiers (variables, function names, class names, p...",google,gemini-2.5-flash-lite,5,0.0000,0.0000,0.0000,0.0000,0,json/batch_restructuring_20260211_85ca.json
batch_restructuring_20260211_9462,evo_restructuring_20260211_9b9b,12,2026-02-11T16:11:42.343062,restructuring,aleju,"**Transformation Instructions:**

1.  **Radical Identifier Obfuscation (Aggressive Renaming and Scoping):**
    *   Replace *all* user-defined identifiers (variables, function names, class names, p...",google,gemini-2.5-flash-lite,5,0.0000,0.0000,0.0000,0.0000,0,json/batch_restructuring_20260211_9462.json
batch_restructuring_20260211_a602,evo_restructuring_20260211_9b9b,13,2026-02-11T16:11:44.360918,restructuring,aleju,"**Transformation Instructions:**

1.  **Radical Identifier Obfuscation (Aggressive Renaming and Scoping):**
    *   Replace *all* user-defined identifiers (variables, function names, class names, p...",google,gemini-2.5-flash-lite,5,0.0000,0.5238,0.0000,0.0000,0,json/batch_restructuring_20260211_a602.json
batch_restructuring_20260211_803a,evo_restructuring_20260211_9b9b,14,2026-02-11T16:11:48.928914,restructuring,aleju,"**Transformation Instructions:**

1.  **Radical Identifier Obfuscation (Aggressive Renaming and Scoping):**
    *   Replace *all* user-defined identifiers (variables, function names, class names, p...",google,gemini-2.5-flash-lite,5,0.0000,0.0000,0.0000,0.0000,0,json/batch_restructuring_20260211_803a.json
batch_restructuring_20260211_66b2,evo_restructuring_20260211_9b9b,15,2026-02-11T16:11:50.524632,restructuring,aleju,"**Transformation Instructions:**

1.  **Radical Identifier Obfuscation (Aggressive Renaming and Scoping):**
    *   Replace *all* user-defined identifiers (variables, function names, class names, p...",google,gemini-2.5-flash-lite,5,0.0000,0.0000,0.0000,0.0000,0,json/batch_restructuring_20260211_66b2.json
batch_restructuring_20260211_4e04,evo_restructuring_20260211_9b9b,16,2026-02-11T16:11:52.805957,restructuring,aleju,"**Transformation Instructions:**

1.  **Radical Identifier Obfuscation (Aggressive Renaming and Scoping):**
    *   Replace *all* user-defined identifiers (variables, function names, class names, p...",google,gemini-2.5-flash-lite,5,0.0000,0.0000,0.0000,0.0000,0,json/batch_restructuring_20260211_4e04.json
batch_restructuring_20260211_a85f,evo_restructuring_20260211_9b9b,17,2026-02-11T16:11:54.901842,restructuring,aleju,"**Transformation Instructions:**

1.  **Radical Identifier Obfuscation (Aggressive Renaming and Scoping):**
    *   Replace *all* user-defined identifiers (variables, function names, class names, p...",google,gemini-2.5-flash-lite,5,0.0000,0.0000,0.0000,0.0000,0,json/batch_restructuring_20260211_a85f.json
batch_restructuring_20260211_262c,evo_restructuring_20260211_9b9b,18,2026-02-11T16:11:54.214909,restructuring,aleju,"**Transformation Instructions:**

1.  **Radical Identifier Obfuscation (Aggressive Renaming and Scoping):**
    *   Replace *all* user-defined identifiers (variables, function names, class names, p...",google,gemini-2.5-flash-lite,5,0.0000,0.0000,0.0000,0.0000,0,json/batch_restructuring_20260211_262c.json
batch_restructuring_20260211_cbf9,evo_restructuring_20260211_9b9b,19,2026-02-11T16:11:56.533698,restructuring,aleju,"**Transformation Instructions:**

1.  **Radical Identifier Obfuscation (Aggressive Renaming and Scoping):**
    *   Replace *all* user-defined identifiers (variables, function names, class names, p...",google,gemini-2.5-flash-lite,5,0.0000,0.0000,0.0000,0.0000,0,json/batch_restructuring_20260211_cbf9.json
batch_restructuring_20260211_4325,evo_restructuring_20260211_9b9b,20,2026-02-11T16:11:58.367893,restructuring,aleju,"**Transformation Instructions:**

1.  **Radical Identifier Obfuscation (Aggressive Renaming and Scoping):**
    *   Replace *all* user-defined identifiers (variables, function names, class names, p...",google,gemini-2.5-flash-lite,5,0.0000,0.0000,0.0000,0.0000,0,json/batch_restructuring_20260211_4325.json
batch_restructuring_20260211_3280,evo_restructuring_20260211_3936,1,2026-02-11T16:30:06.784434,restructuring,aleju,Restructure using helper functions and generic variable names,ollama,qwen3-vl:8b ,5,0.0000,0.0000,0.0000,0.0000,0,json/batch_restructuring_20260211_3280.json
batch_restructuring_20260211_2b2b,evo_restructuring_20260211_3936,2,2026-02-11T16:30:06.806418,restructuring,aleju,Restructure using helper functions and generic variable names,ollama,qwen3-vl:8b ,5,0.0000,0.0000,0.0000,0.0000,0,json/batch_restructuring_20260211_2b2b.json
batch_restructuring_20260211_ef5d,evo_restructuring_20260211_3936,3,2026-02-11T16:30:06.819188,restructuring,aleju,Restructure using helper functions and generic variable names,ollama,qwen3-vl:8b ,5,0.0000,0.0000,0.0000,0.0000,0,json/batch_restructuring_20260211_ef5d.json
batch_restructuring_20260211_e5ba,evo_restructuring_20260211_3936,4,2026-02-11T16:30:06.831428,restructuring,aleju,Restructure using helper functions and generic variable names,ollama,qwen3-vl:8b ,5,0.0000,0.0000,0.0000,0.0000,0,json/batch_restructuring_20260211_e5ba.json
batch_restructuring_20260211_6c0f,evo_restructuring_20260211_3936,5,2026-02-11T16:30:06.843459,restructuring,aleju,Restructure using helper functions and generic variable names,ollama,qwen3-vl:8b ,5,0.0000,0.0000,0.0000,0.0000,0,json/batch_restructuring_20260211_6c0f.json
batch_restructuring_20260211_b936,evo_restructuring_20260211_3936,6,2026-02-11T16:30:06.855810,restructuring,aleju,Restructure using helper functions and generic variable names,ollama,qwen3-vl:8b ,5,0.0000,0.0000,0.0000,0.0000,0,json/batch_restructuring_20260211_b936.json
batch_restructuring_20260211_8ac2,evo_restructuring_20260211_3936,7,2026-02-11T16:30:06.868880,restructuring,aleju,Restructure using helper functions and generic variable names,ollama,qwen3-vl:8b ,5,0.0000,0.0000,0.0000,0.0000,0,json/batch_restructuring_20260211_8ac2.json
batch_restructuring_20260211_77c0,evo_restructuring_20260211_3936,8,2026-02-11T16:30:06.881474,restructuring,aleju,Restructure using helper functions and generic variable names,ollama,qwen3-vl:8b ,5,0.0000,0.0000,0.0000,0.0000,0,json/batch_restructuring_20260211_77c0.json
batch_restructuring_20260211_10ab,evo_restructuring_20260211_3936,9,2026-02-11T16:30:06.894006,restructuring,aleju,Restructure using helper functions and generic variable names,ollama,qwen3-vl:8b ,5,0.0000,0.0000,0.0000,0.0000,0,json/batch_restructuring_20260211_10ab.json
batch_restructuring_20260211_0dcb,evo_restructuring_20260211_3936,10,2026-02-11T16:30:06.908035,restructuring,aleju,Restructure using helper functions and generic variable names,ollama,qwen3-vl:8b ,5,0.0000,0.0000,0.0000,0.0000,0,json/batch_restructuring_20260211_0dcb.json
batch_restructuring_20260211_995c,evo_restructuring_20260211_3936,11,2026-02-11T16:30:06.920652,restructuring,aleju,Restructure using helper functions and generic variable names,ollama,qwen3-vl:8b ,5,0.0000,0.0000,0.0000,0.0000,0,json/batch_restructuring_20260211_995c.json
batch_restructuring_20260211_e4e7,evo_restructuring_20260211_3936,12,2026-02-11T16:30:06.933289,restructuring,aleju,Restructure using helper functions and generic variable names,ollama,qwen3-vl:8b ,5,0.0000,0.0000,0.0000,0.0000,0,json/batch_restructuring_20260211_e4e7.json
batch_restructuring_20260211_ed6b,evo_restructuring_20260211_3936,13,2026-02-11T16:30:06.945461,restructuring,aleju,Restructure using helper functions and generic variable names,ollama,qwen3-vl:8b ,5,0.0000,0.0000,0.0000,0.0000,0,json/batch_restructuring_20260211_ed6b.json
batch_restructuring_20260211_cb83,evo_restructuring_20260211_3936,14,2026-02-11T16:30:06.957492,restructuring,aleju,Restructure using helper functions and generic variable names,ollama,qwen3-vl:8b ,5,0.0000,0.0000,0.0000,0.0000,0,json/batch_restructuring_20260211_cb83.json
batch_restructuring_20260211_be9b,evo_restructuring_20260211_3936,15,2026-02-11T16:30:06.969799,restructuring,aleju,Restructure using helper functions and generic variable names,ollama,qwen3-vl:8b ,5,0.0000,0.0000,0.0000,0.0000,0,json/batch_restructuring_20260211_be9b.json
batch_restructuring_20260211_2c3b,evo_restructuring_20260211_cb11,1,2026-02-11T16:32:41.681944,restructuring,aleju,Restructure using helper functions and generic variable names,ollama,qwen3-vl:8b,5,0.0000,0.3089,0.0000,0.0000,0,json/batch_restructuring_20260211_2c3b.json
batch_restructuring_20260211_2180,evo_restructuring_20260211_cb11,2,2026-02-11T16:39:43.472674,restructuring,aleju,"Transform the provided Python code to maximize evasion of the authorship attribution system by implementing aggressive, functional changes that target all four models (Random Forest, Naive Bayes, S...",ollama,qwen3-vl:8b,5,0.0000,0.2061,0.0000,0.0000,0,json/batch_restructuring_20260211_2180.json
batch_restructuring_20260211_e1c1,evo_restructuring_20260211_cb11,3,2026-02-11T16:57:41.545080,restructuring,aleju,"Transform the provided Python code to maximize evasion of the authorship attribution system by implementing these aggressive, targeted modifications:

1. **Token Distribution Overhaul**:
   - Renam...",ollama,qwen3-vl:8b,5,33.3333,0.5142,75.0000,0.0000,0,json/batch_restructuring_20260211_e1c1.json
batch_restructuring_20260211_f891,,0,2026-02-11T20:03:04.012518,restructuring,aleju,Restructure using helper functions and generic variable names,ollama,qwen3-coder:30b,1,0.0000,0.5126,0.0000,0.0000,0,json\batch_restructuring_20260211_f891.json
batch_restructuring_20260211_351e,evo_restructuring_20260211_5f1e,1,2026-02-11T20:08:30.470328,restructuring,aleju,Restructure using helper functions and generic variable names,ollama,qwen3-coder:30b,5,20.0000,0.1788,100.0000,0.0000,1,json\batch_restructuring_20260211_351e.json
batch_restructuring_20260211_ebb4,evo_restructuring_20260211_5f1e,2,2026-02-11T20:10:07.909849,restructuring,aleju,"Restructure the Python code by implementing aggressive stylistic obfuscation to evade attribution models:

1. **Variable Name Transformation**:
   - Replace all camelCase and snake_case identifiers...",ollama,qwen3-coder:30b,5,25.0000,0.3933,75.0000,0.0000,0,json\batch_restructuring_20260211_ebb4.json
batch_restructuring_20260211_d7b4,evo_restructuring_20260211_5f1e,3,2026-02-11T20:11:51.698496,restructuring,aleju,"Restructure the Python code using advanced obfuscation techniques to maximize evasion of the attribution models while maintaining exact functionality:

1. **Core Token Disruption**:
   - Replace AL...",ollama,qwen3-coder:30b,5,37.5000,0.3619,100.0000,0.0000,1,json\batch_restructuring_20260211_d7b4.json
batch_restructuring_20260211_7076,evo_restructuring_20260211_5f1e,4,2026-02-11T20:22:28.069472,restructuring,aleju,"Restructure the Python code using targeted obfuscation techniques to maximize evasion of the attribution models while preserving exact functionality:

1. **TF-IDF Token Disruption**:
   - Replace A...",ollama,qwen3-coder:30b,5,15.0000,0.1734,75.0000,0.0000,0,json\batch_restructuring_20260211_7076.json
batch_restructuring_20260211_3332,evo_restructuring_20260211_5f1e,5,2026-02-11T20:24:08.598911,restructuring,aleju,"Restructure the Python code using comprehensive obfuscation techniques to maximize evasion of all attribution models while preserving exact functionality:

1. **TF-IDF Token Disruption**:
   - Repl...",ollama,qwen3-coder:30b,5,18.7500,0.2757,75.0000,0.0000,0,json\batch_restructuring_20260211_3332.json
batch_restructuring_20260211_c263,evo_restructuring_20260211_5f1e,6,2026-02-11T20:30:42.251465,restructuring,aleju,"Restructure the Python code using aggressive, multi-layered obfuscation to maximize evasion of all attribution models while preserving exact functionality:

1. **Core Identifier Obfuscation**:
   -...",ollama,qwen3-coder:30b,5,58.3333,0.5249,100.0000,0.0000,1,json\batch_restructuring_20260211_c263.json
batch_restructuring_20260211_54e1,evo_restructuring_20260211_5f1e,7,2026-02-11T20:46:16.476897,restructuring,aleju,"Restructure the Python code using targeted, subtle obfuscation techniques to maximize evasion of the attribution models while maintaining exact functionality:

1. **TF-IDF Token Disruption**:
   - ...",ollama,qwen3-coder:30b,5,10.0000,0.1552,50.0000,0.0000,0,json\batch_restructuring_20260211_54e1.json
batch_restructuring_20260211_4fe2,evo_restructuring_20260211_5f1e,8,2026-02-11T20:47:45.629044,restructuring,aleju,"Restructure the Python code using a combination of highly obfuscated naming conventions, deep control flow nesting, and randomized stylistic elements to maximize evasion of Random Forest, Naive Bay...",ollama,qwen3-coder:30b,5,25.0000,0.4208,50.0000,0.0000,0,json\batch_restructuring_20260211_4fe2.json
batch_restructuring_20260211_b354,evo_restructuring_20260211_5f1e,9,2026-02-11T20:49:35.326028,restructuring,aleju,Restructure the provided Python code using a hybrid obfuscation strategy that deeply disrupts TF-IDF token distribution and stylometric features while preserving exact functionality. Transform all ...,ollama,qwen3-coder:30b,5,25.0000,0.3298,50.0000,0.0000,0,json\batch_restructuring_20260211_b354.json
batch_restructuring_20260211_6c26,evo_restructuring_20260211_5f1e,10,2026-02-11T21:05:24.506656,restructuring,aleju,"**New Transformation Prompt:**

Modify the provided Python code using a hybrid obfuscation strategy that deeply disrupts TF-IDF token distribution and stylometric features while preserving exact fu...",ollama,qwen3-coder:30b,5,18.7500,0.2113,75.0000,0.0000,0,json\batch_restructuring_20260211_6c26.json
batch_restructuring_20260211_c30d,evo_restructuring_20260211_5f1e,11,2026-02-11T21:11:56.787705,restructuring,aleju,"Modify the provided Python code using a **hybrid obfuscation strategy** that deeply disrupts **TF-IDF token distribution**, **n-gram patterns**, and **stylometric features** while preserving **100%...",ollama,qwen3-coder:30b,5,6.2500,0.2254,25.0000,0.0000,0,json\batch_restructuring_20260211_c30d.json
batch_restructuring_20260211_ade1,evo_restructuring_20260211_5f1e,12,2026-02-11T21:18:24.706382,restructuring,aleju,"Modify the provided Python code using a **hybrid obfuscation strategy** that deeply disrupts **TF-IDF token distribution**, **n-gram patterns**, and **stylometric features** while preserving **100%...",ollama,qwen3-coder:30b,5,18.7500,0.2067,75.0000,0.0000,0,json\batch_restructuring_20260211_ade1.json
batch_restructuring_20260211_d520,evo_restructuring_20260211_5f1e,13,2026-02-11T21:24:45.146229,restructuring,aleju,"Modify the provided Python code using a **hybrid obfuscation strategy** that aggressively disrupts **TF-IDF token frequency**, **n-gram patterns**, and **stylometric features** to evade **Random Fo...",ollama,qwen3-coder:30b,5,25.0000,0.5358,50.0000,0.0000,0,json\batch_restructuring_20260211_d520.json
batch_restructuring_20260211_5185,evo_restructuring_20260211_5f1e,14,2026-02-11T21:35:56.114380,restructuring,aleju,"Modify the provided Python code using a **hybrid obfuscation strategy** that aggressively alters **TF-IDF token frequency**, **n-gram patterns**, and **stylometric features** to evade attribution m...",ollama,qwen3-coder:30b,5,25.0000,0.4409,50.0000,0.0000,0,json\batch_restructuring_20260211_5185.json
batch_restructuring_20260211_739f,evo_restructuring_20260211_5f1e,15,2026-02-11T21:47:07.633063,restructuring,aleju,Modify the provided Python code to maximize evasion of attribution models (especially Naive Bayes and SGD Classifier) while maintaining full functional equivalence. Focus on altering TF-IDF token d...,ollama,qwen3-coder:30b,5,50.0000,0.3356,100.0000,0.0000,1,json\batch_restructuring_20260211_739f.json
batch_renaming_20260212_6c2d,evo_renaming_20260212_3750,1,2026-02-12T08:15:36.810320,renaming,aleju,"Rename all variables, functions, parameters, and class names to generic, convention-neutral alternatives. Use names like data, result, value, item, process, handle, compute. Replace author-specific...",ollama,qwen3-coder:30b,5,20.0000,0.4798,50.0000,0.0000,0,json\batch_renaming_20260212_6c2d.json
batch_renaming_20260212_fa56,evo_renaming_20260212_3750,2,2026-02-12T08:21:45.940775,renaming,aleju,"Rename all variables, functions, parameters, and class names to generic, convention-neutral alternatives. Use names like data, result, value, item, process, handle, compute. Replace author-specific...",ollama,qwen3-coder:30b,5,15.0000,0.4677,25.0000,0.0000,0,json\batch_renaming_20260212_fa56.json
batch_renaming_20260212_5342,evo_renaming_20260212_3750,3,2026-02-12T08:23:29.126341,renaming,aleju,"Transform the Python code by implementing aggressive stylistic obfuscation to evade attribution models:

1. **Complete naming convention overhaul**: Replace ALL identifiers (variables, functions, c...",ollama,qwen3-coder:30b,5,15.0000,0.4791,25.0000,0.0000,0,json\batch_renaming_20260212_5342.json
batch_renaming_20260212_0c9b,evo_renaming_20260212_3750,4,2026-02-12T08:25:02.734733,renaming,aleju,"Transform the Python code using extreme stylistic obfuscation to maximize evasion of all attribution models:

1. **Aggressive Naming Conventions**:
   - Replace ALL identifiers with single-characte...",ollama,qwen3-coder:30b,5,18.7500,0.6128,25.0000,0.0000,0,json\batch_renaming_20260212_0c9b.json
batch_renaming_20260212_afa7,evo_renaming_20260212_3750,5,2026-02-12T08:31:33.970701,renaming,aleju,"Transform the Python code using extreme stylistic obfuscation to maximize evasion of all attribution models while maintaining exact functionality:

1. **Complete Identifier Overhaul**:
   - Replace...",ollama,qwen3-coder:30b,5,25.0000,0.6476,25.0000,25.0000,0,json\batch_renaming_20260212_afa7.json
batch_renaming_20260212_0b54,evo_renaming_20260212_3750,6,2026-02-12T08:42:51.685760,renaming,aleju,"Transform the Python code using radical structural and lexical obfuscation to maximize evasion of Naive Bayes, SGD Classifier, and Neural Network models while maintaining exact functionality:

1. *...",ollama,qwen3-coder:30b,5,30.0000,0.4854,75.0000,0.0000,0,json\batch_renaming_20260212_0b54.json
batch_renaming_20260212_7753,evo_renaming_20260212_3750,7,2026-02-12T08:44:43.707366,renaming,aleju,"Transform the Python code using aggressive, targeted obfuscation to maximize evasion of Naive Bayes, SGD Classifier, and Neural Network models while preserving exact functionality:

1. **TF-IDF Tok...",ollama,qwen3-coder:30b,5,33.3333,0.6693,50.0000,25.0000,0,json\batch_renaming_20260212_7753.json
batch_renaming_20260212_a47e,evo_renaming_20260212_3750,8,2026-02-12T08:51:10.288652,renaming,aleju,"Transform the Python code using aggressive, targeted obfuscation to maximize evasion of Naive Bayes, SGD Classifier, and Neural Network models while preserving exact functionality:

1. **TF-IDF Tok...",ollama,qwen3-coder:30b,5,15.0000,0.4373,25.0000,0.0000,0,json\batch_renaming_20260212_a47e.json
batch_renaming_20260212_7437,evo_renaming_20260212_3750,9,2026-02-12T08:53:10.989666,renaming,aleju,"Transform the Python code using extreme, targeted obfuscation to maximize evasion of Naive Bayes, SGD Classifier, and Neural Network models while preserving exact functionality:

1. **Aggressive TF...",ollama,qwen3-coder:30b,5,25.0000,0.5093,50.0000,0.0000,0,json\batch_renaming_20260212_7437.json
batch_renaming_20260212_9726,evo_renaming_20260212_3750,10,2026-02-12T08:59:25.843850,renaming,aleju,"Transform the Python code by completely randomizing all identifier names using 1-4 character pseudorandom strings with no discernible pattern, inserting excessive redundant assignments ('var = var'...",ollama,qwen3-coder:30b,5,41.6667,0.6362,75.0000,25.0000,0,json\batch_renaming_20260212_9726.json
batch_renaming_20260212_a045,evo_renaming_20260212_3750,11,2026-02-12T09:10:30.068637,renaming,aleju,"Transform the Python code by completely randomizing all identifier names using 1-4 character pseudorandom strings with no discernible pattern, inserting excessive redundant assignments ('var = var'...",ollama,qwen3-coder:30b,5,31.2500,0.5532,75.0000,0.0000,0,json\batch_renaming_20260212_a045.json
batch_renaming_20260212_2fed,evo_renaming_20260212_3750,12,2026-02-12T09:20:08.893023,renaming,aleju,"Transform the Python code by completely randomizing all identifier names using 1-4 character pseudorandom strings with no discernible pattern, inserting excessive redundant assignments ('var = var'...",ollama,qwen3-coder:30b,5,41.6667,0.6399,75.0000,25.0000,0,json\batch_renaming_20260212_2fed.json
batch_renaming_20260212_c9b2,evo_renaming_20260212_3750,13,2026-02-12T09:31:36.834220,renaming,aleju,"Transform the Python code by completely randomizing all identifier names using 1-4 character pseudorandom strings with no discernible pattern, inserting excessive redundant assignments ('var = var'...",ollama,qwen3-coder:30b,5,25.0000,0.6218,50.0000,0.0000,0,json\batch_renaming_20260212_c9b2.json
batch_renaming_20260212_4775,evo_renaming_20260212_3750,14,2026-02-12T09:38:03.288318,renaming,aleju,"Transform the Python code by introducing extreme lexical obfuscation through complete identifier randomization using 1-4 character pseudorandom strings with no discernible pattern, inserting excess...",ollama,qwen3-coder:30b,5,16.6667,0.6002,25.0000,0.0000,0,json\batch_renaming_20260212_4775.json
batch_renaming_20260212_1ed6,evo_renaming_20260212_3750,15,2026-02-12T09:49:09.432916,renaming,aleju,Transform the Python code by implementing extreme lexical obfuscation through complete and inconsistent identifier randomization using 1-4 character pseudorandom strings with no discernible pattern...,ollama,qwen3-coder:30b,5,25.0000,0.6216,50.0000,0.0000,0,json\batch_renaming_20260212_1ed6.json
