run_id,category,timestamp,author,file_name,evasion_rate,category_csv_path,json_path
control_flow_20260423_f069,control_flow,2026-04-23T12:54:52.676372,aleju,check_bb_augmentation.py,0.0000,control_flow\runs.csv,control_flow\json\control_flow_20260423_f069.json
control_flow_20260423_c02f,control_flow,2026-04-23T12:57:21.465974,aleju,convolutional.py,100.0000,control_flow\runs.csv,control_flow\json\control_flow_20260423_c02f.json
control_flow_20260423_6506,control_flow,2026-04-23T13:00:04.734025,aleju,poly_point_isect_py2py3.py,25.0000,control_flow\runs.csv,control_flow\json\control_flow_20260423_6506.json
control_flow_20260423_65e1,control_flow,2026-04-23T13:03:14.704570,aleju,check_bb_augmentation.py,0.0000,control_flow\runs.csv,control_flow\json\control_flow_20260423_65e1.json
control_flow_20260423_1e9f,control_flow,2026-04-23T13:04:09.438018,aleju,check_polygons_stay_valid_during_augmentation.py,0.0000,control_flow\runs.csv,control_flow\json\control_flow_20260423_1e9f.json
control_flow_20260423_0d93,control_flow,2026-04-23T13:04:41.751463,aleju,convolutional.py,100.0000,control_flow\runs.csv,control_flow\json\control_flow_20260423_0d93.json
control_flow_20260423_0ed3,control_flow,2026-04-23T13:13:18.144283,aleju,poly_point_isect_py2py3.py,25.0000,control_flow\runs.csv,control_flow\json\control_flow_20260423_0ed3.json
control_flow_20260423_8dc2,control_flow,2026-04-23T13:15:51.813606,aleju,check_bb_augmentation.py,0.0000,control_flow\runs.csv,control_flow\json\control_flow_20260423_8dc2.json
control_flow_20260423_8525,control_flow,2026-04-23T13:19:45.135034,aleju,convolutional.py,100.0000,control_flow\runs.csv,control_flow\json\control_flow_20260423_8525.json
control_flow_20260423_6799,control_flow,2026-04-23T13:20:11.600177,aleju,kps.py,50.0000,control_flow\runs.csv,control_flow\json\control_flow_20260423_6799.json
control_flow_20260423_d8a4,control_flow,2026-04-23T13:20:42.064355,aleju,poly_point_isect_py2py3.py,25.0000,control_flow\runs.csv,control_flow\json\control_flow_20260423_d8a4.json
control_flow_20260423_21da,control_flow,2026-04-23T13:22:20.601436,aleju,check_bb_augmentation.py,0.0000,control_flow\runs.csv,control_flow\json\control_flow_20260423_21da.json
control_flow_20260423_dc1b,control_flow,2026-04-23T13:22:43.364149,aleju,check_polygons_stay_valid_during_augmentation.py,0.0000,control_flow\runs.csv,control_flow\json\control_flow_20260423_dc1b.json
control_flow_20260423_6836,control_flow,2026-04-23T13:23:08.988618,aleju,convolutional.py,100.0000,control_flow\runs.csv,control_flow\json\control_flow_20260423_6836.json
control_flow_20260423_67cf,control_flow,2026-04-23T13:23:35.608979,aleju,kps.py,100.0000,control_flow\runs.csv,control_flow\json\control_flow_20260423_67cf.json
control_flow_20260423_499e,control_flow,2026-04-23T13:23:55.010652,aleju,poly_point_isect_py2py3.py,25.0000,control_flow\runs.csv,control_flow\json\control_flow_20260423_499e.json
control_flow_20260423_7300,control_flow,2026-04-23T13:25:56.228254,aleju,check_bb_augmentation.py,0.0000,control_flow\runs.csv,control_flow\json\control_flow_20260423_7300.json
control_flow_20260423_1f05,control_flow,2026-04-23T13:26:25.946764,aleju,check_polygons_stay_valid_during_augmentation.py,0.0000,control_flow\runs.csv,control_flow\json\control_flow_20260423_1f05.json
control_flow_20260423_27e5,control_flow,2026-04-23T13:26:49.785878,aleju,convolutional.py,25.0000,control_flow\runs.csv,control_flow\json\control_flow_20260423_27e5.json
control_flow_20260423_6595,control_flow,2026-04-23T13:30:22.579415,aleju,poly_point_isect_py2py3.py,25.0000,control_flow\runs.csv,control_flow\json\control_flow_20260423_6595.json
control_flow_20260423_a936,control_flow,2026-04-23T13:36:50.880513,aleju,check_bb_augmentation.py,0.0000,control_flow\runs.csv,control_flow\json\control_flow_20260423_a936.json
control_flow_20260423_aaec,control_flow,2026-04-23T13:40:12.670372,aleju,convolutional.py,75.0000,control_flow\runs.csv,control_flow\json\control_flow_20260423_aaec.json
control_flow_20260423_213d,control_flow,2026-04-23T13:40:36.152126,aleju,kps.py,50.0000,control_flow\runs.csv,control_flow\json\control_flow_20260423_213d.json
control_flow_20260423_98fc,control_flow,2026-04-23T13:41:04.341382,aleju,poly_point_isect_py2py3.py,0.0000,control_flow\runs.csv,control_flow\json\control_flow_20260423_98fc.json
control_flow_20260423_6432,control_flow,2026-04-23T13:46:00.477508,aleju,check_polygons_stay_valid_during_augmentation.py,0.0000,control_flow\runs.csv,control_flow\json\control_flow_20260423_6432.json
control_flow_20260423_3193,control_flow,2026-04-23T13:46:24.210089,aleju,convolutional.py,75.0000,control_flow\runs.csv,control_flow\json\control_flow_20260423_3193.json
control_flow_20260423_065b,control_flow,2026-04-23T13:47:51.274911,aleju,kps.py,100.0000,control_flow\runs.csv,control_flow\json\control_flow_20260423_065b.json
control_flow_20260423_43ae,control_flow,2026-04-23T13:48:20.427200,aleju,poly_point_isect_py2py3.py,25.0000,control_flow\runs.csv,control_flow\json\control_flow_20260423_43ae.json
control_flow_20260423_4485,control_flow,2026-04-23T13:50:56.433038,aleju,check_bb_augmentation.py,0.0000,control_flow\runs.csv,control_flow\json\control_flow_20260423_4485.json
control_flow_20260423_89fa,control_flow,2026-04-23T13:51:35.574639,aleju,check_polygons_stay_valid_during_augmentation.py,0.0000,control_flow\runs.csv,control_flow\json\control_flow_20260423_89fa.json
control_flow_20260423_5ff6,control_flow,2026-04-23T13:52:04.138064,aleju,convolutional.py,100.0000,control_flow\runs.csv,control_flow\json\control_flow_20260423_5ff6.json
control_flow_20260423_f333,control_flow,2026-04-23T13:52:25.087775,aleju,kps.py,25.0000,control_flow\runs.csv,control_flow\json\control_flow_20260423_f333.json
control_flow_20260423_d3da,control_flow,2026-04-23T13:53:15.064601,aleju,poly_point_isect_py2py3.py,25.0000,control_flow\runs.csv,control_flow\json\control_flow_20260423_d3da.json
control_flow_20260423_8e1c,control_flow,2026-04-23T13:54:39.197565,aleju,check_bb_augmentation.py,0.0000,control_flow\runs.csv,control_flow\json\control_flow_20260423_8e1c.json
control_flow_20260423_ee0f,control_flow,2026-04-23T13:55:08.386184,aleju,check_polygons_stay_valid_during_augmentation.py,0.0000,control_flow\runs.csv,control_flow\json\control_flow_20260423_ee0f.json
control_flow_20260423_538f,control_flow,2026-04-23T13:55:33.274285,aleju,convolutional.py,100.0000,control_flow\runs.csv,control_flow\json\control_flow_20260423_538f.json
control_flow_20260423_1b5d,control_flow,2026-04-23T13:55:57.875650,aleju,kps.py,50.0000,control_flow\runs.csv,control_flow\json\control_flow_20260423_1b5d.json
control_flow_20260423_9b32,control_flow,2026-04-23T13:56:28.258333,aleju,poly_point_isect_py2py3.py,25.0000,control_flow\runs.csv,control_flow\json\control_flow_20260423_9b32.json
control_flow_20260423_1ca1,control_flow,2026-04-23T14:04:26.481256,aleju,check_polygons_stay_valid_during_augmentation.py,0.0000,control_flow\runs.csv,control_flow\json\control_flow_20260423_1ca1.json
control_flow_20260423_4d71,control_flow,2026-04-23T14:04:57.238138,aleju,convolutional.py,100.0000,control_flow\runs.csv,control_flow\json\control_flow_20260423_4d71.json
control_flow_20260423_38e1,control_flow,2026-04-23T14:05:19.710253,aleju,kps.py,50.0000,control_flow\runs.csv,control_flow\json\control_flow_20260423_38e1.json
control_flow_20260423_b4ad,control_flow,2026-04-23T14:05:57.724020,aleju,poly_point_isect_py2py3.py,25.0000,control_flow\runs.csv,control_flow\json\control_flow_20260423_b4ad.json
control_flow_20260423_c4e7,control_flow,2026-04-23T14:07:56.942702,aleju,check_bb_augmentation.py,0.0000,control_flow\runs.csv,control_flow\json\control_flow_20260423_c4e7.json
control_flow_20260423_a9b3,control_flow,2026-04-23T14:08:23.896615,aleju,check_polygons_stay_valid_during_augmentation.py,0.0000,control_flow\runs.csv,control_flow\json\control_flow_20260423_a9b3.json
control_flow_20260423_ba8d,control_flow,2026-04-23T14:08:51.753897,aleju,convolutional.py,0.0000,control_flow\runs.csv,control_flow\json\control_flow_20260423_ba8d.json
control_flow_20260423_6418,control_flow,2026-04-23T14:09:44.618872,aleju,kps.py,50.0000,control_flow\runs.csv,control_flow\json\control_flow_20260423_6418.json
control_flow_20260423_a79c,control_flow,2026-04-23T14:10:15.174017,aleju,poly_point_isect_py2py3.py,0.0000,control_flow\runs.csv,control_flow\json\control_flow_20260423_a79c.json
control_flow_20260423_d284,control_flow,2026-04-23T14:11:27.904752,aleju,check_bb_augmentation.py,0.0000,control_flow\runs.csv,control_flow\json\control_flow_20260423_d284.json
control_flow_20260423_e4c7,control_flow,2026-04-23T14:11:58.222020,aleju,check_polygons_stay_valid_during_augmentation.py,0.0000,control_flow\runs.csv,control_flow\json\control_flow_20260423_e4c7.json
control_flow_20260423_315a,control_flow,2026-04-23T14:12:21.982835,aleju,convolutional.py,100.0000,control_flow\runs.csv,control_flow\json\control_flow_20260423_315a.json
control_flow_20260423_ce27,control_flow,2026-04-23T14:12:43.696671,aleju,kps.py,50.0000,control_flow\runs.csv,control_flow\json\control_flow_20260423_ce27.json
control_flow_20260423_cab0,control_flow,2026-04-23T14:13:17.928904,aleju,poly_point_isect_py2py3.py,25.0000,control_flow\runs.csv,control_flow\json\control_flow_20260423_cab0.json
control_flow_20260423_b097,control_flow,2026-04-23T14:15:50.656202,aleju,check_bb_augmentation.py,0.0000,control_flow\runs.csv,control_flow\json\control_flow_20260423_b097.json
control_flow_20260423_ea52,control_flow,2026-04-23T14:16:25.324830,aleju,check_polygons_stay_valid_during_augmentation.py,0.0000,control_flow\runs.csv,control_flow\json\control_flow_20260423_ea52.json
control_flow_20260423_5fb7,control_flow,2026-04-23T14:16:58.627571,aleju,convolutional.py,25.0000,control_flow\runs.csv,control_flow\json\control_flow_20260423_5fb7.json
control_flow_20260423_a283,control_flow,2026-04-23T14:22:26.342613,aleju,poly_point_isect_py2py3.py,25.0000,control_flow\runs.csv,control_flow\json\control_flow_20260423_a283.json
control_flow_20260423_19fc,control_flow,2026-04-23T14:25:17.066935,aleju,check_polygons_stay_valid_during_augmentation.py,0.0000,control_flow\runs.csv,control_flow\json\control_flow_20260423_19fc.json
control_flow_20260423_0cba,control_flow,2026-04-23T14:25:44.350322,aleju,convolutional.py,100.0000,control_flow\runs.csv,control_flow\json\control_flow_20260423_0cba.json
control_flow_20260423_1e66,control_flow,2026-04-23T14:26:17.808182,aleju,kps.py,50.0000,control_flow\runs.csv,control_flow\json\control_flow_20260423_1e66.json
control_flow_20260423_5ae5,control_flow,2026-04-23T14:26:54.403855,aleju,poly_point_isect_py2py3.py,0.0000,control_flow\runs.csv,control_flow\json\control_flow_20260423_5ae5.json
control_flow_20260423_d246,control_flow,2026-04-23T14:28:27.128165,aleju,check_bb_augmentation.py,0.0000,control_flow\runs.csv,control_flow\json\control_flow_20260423_d246.json
control_flow_20260423_64f0,control_flow,2026-04-23T14:28:51.016002,aleju,check_polygons_stay_valid_during_augmentation.py,0.0000,control_flow\runs.csv,control_flow\json\control_flow_20260423_64f0.json
control_flow_20260423_a0a8,control_flow,2026-04-23T14:29:17.001583,aleju,convolutional.py,0.0000,control_flow\runs.csv,control_flow\json\control_flow_20260423_a0a8.json
control_flow_20260423_3b40,control_flow,2026-04-23T14:31:19.821187,aleju,kps.py,100.0000,control_flow\runs.csv,control_flow\json\control_flow_20260423_3b40.json
control_flow_20260423_ab57,control_flow,2026-04-23T14:31:50.821717,aleju,poly_point_isect_py2py3.py,25.0000,control_flow\runs.csv,control_flow\json\control_flow_20260423_ab57.json
comments_20260423_0bb4,comments,2026-04-23T14:50:11.691898,aleju,bbs.py,100.0000,comments\runs.csv,comments\json\comments_20260423_0bb4.json
comments_20260423_bd6c,comments,2026-04-23T14:50:26.191856,aleju,check_impulse_noise.py,0.0000,comments\runs.csv,comments\json\comments_20260423_bd6c.json
comments_20260423_ff7b,comments,2026-04-23T14:54:36.434684,aleju,arithmetic.py,25.0000,comments\runs.csv,comments\json\comments_20260423_ff7b.json
comments_20260423_47a7,comments,2026-04-23T14:57:33.822284,aleju,bbs.py,50.0000,comments\runs.csv,comments\json\comments_20260423_47a7.json
comments_20260423_97ec,comments,2026-04-23T14:58:04.395613,aleju,check_multiply_hue_and_saturation.py,0.0000,comments\runs.csv,comments\json\comments_20260423_97ec.json
comments_20260423_051f,comments,2026-04-23T14:58:34.816666,aleju,check_polygons_stay_valid_during_augmentation.py,0.0000,comments\runs.csv,comments\json\comments_20260423_051f.json
comments_20260423_5eb0,comments,2026-04-23T15:00:17.814848,aleju,arithmetic.py,0.0000,comments\runs.csv,comments\json\comments_20260423_5eb0.json
comments_20260423_9e15,comments,2026-04-23T15:00:35.602171,aleju,bbs.py,75.0000,comments\runs.csv,comments\json\comments_20260423_9e15.json
comments_20260423_a621,comments,2026-04-23T15:00:49.189704,aleju,check_impulse_noise.py,0.0000,comments\runs.csv,comments\json\comments_20260423_a621.json
comments_20260423_6ccb,comments,2026-04-23T15:02:02.773248,aleju,check_multiply_hue_and_saturation.py,0.0000,comments\runs.csv,comments\json\comments_20260423_6ccb.json
comments_20260423_4513,comments,2026-04-23T15:02:23.770793,aleju,check_polygons_stay_valid_during_augmentation.py,0.0000,comments\runs.csv,comments\json\comments_20260423_4513.json
comments_20260423_f9b3,comments,2026-04-23T15:04:24.158903,aleju,arithmetic.py,0.0000,comments\runs.csv,comments\json\comments_20260423_f9b3.json
comments_20260423_ea82,comments,2026-04-23T15:04:57.271663,aleju,bbs.py,100.0000,comments\runs.csv,comments\json\comments_20260423_ea82.json
comments_20260423_983d,comments,2026-04-23T15:05:56.149816,aleju,check_polygons_stay_valid_during_augmentation.py,0.0000,comments\runs.csv,comments\json\comments_20260423_983d.json
comments_20260423_84f7,comments,2026-04-23T15:07:38.967651,aleju,arithmetic.py,0.0000,comments\runs.csv,comments\json\comments_20260423_84f7.json
comments_20260423_f884,comments,2026-04-23T15:08:00.998230,aleju,bbs.py,25.0000,comments\runs.csv,comments\json\comments_20260423_f884.json
comments_20260423_adbb,comments,2026-04-23T15:16:30.325767,aleju,check_multiply_hue_and_saturation.py,0.0000,comments\runs.csv,comments\json\comments_20260423_adbb.json
comments_20260423_10c8,comments,2026-04-23T15:16:53.692436,aleju,check_polygons_stay_valid_during_augmentation.py,0.0000,comments\runs.csv,comments\json\comments_20260423_10c8.json
comments_20260423_d34a,comments,2026-04-23T15:19:03.873785,aleju,arithmetic.py,0.0000,comments\runs.csv,comments\json\comments_20260423_d34a.json
comments_20260423_b13a,comments,2026-04-23T15:21:17.100087,aleju,check_impulse_noise.py,0.0000,comments\runs.csv,comments\json\comments_20260423_b13a.json
comments_20260423_917b,comments,2026-04-23T15:21:34.767421,aleju,check_multiply_hue_and_saturation.py,0.0000,comments\runs.csv,comments\json\comments_20260423_917b.json
comments_20260423_55d7,comments,2026-04-23T15:22:11.890173,aleju,check_polygons_stay_valid_during_augmentation.py,0.0000,comments\runs.csv,comments\json\comments_20260423_55d7.json
comments_20260423_d5e7,comments,2026-04-23T15:27:16.365457,aleju,arithmetic.py,0.0000,comments\runs.csv,comments\json\comments_20260423_d5e7.json
comments_20260423_7f83,comments,2026-04-23T15:27:50.306311,aleju,bbs.py,50.0000,comments\runs.csv,comments\json\comments_20260423_7f83.json
comments_20260423_d10f,comments,2026-04-23T15:28:07.440665,aleju,check_impulse_noise.py,0.0000,comments\runs.csv,comments\json\comments_20260423_d10f.json
comments_20260423_580b,comments,2026-04-23T15:28:24.392736,aleju,check_multiply_hue_and_saturation.py,0.0000,comments\runs.csv,comments\json\comments_20260423_580b.json
comments_20260423_35a9,comments,2026-04-23T15:28:47.828411,aleju,check_polygons_stay_valid_during_augmentation.py,0.0000,comments\runs.csv,comments\json\comments_20260423_35a9.json
comments_20260423_d1c9,comments,2026-04-23T15:44:48.169501,aleju,check_multiply_hue_and_saturation.py,0.0000,comments\runs.csv,comments\json\comments_20260423_d1c9.json
comments_20260423_5b34,comments,2026-04-23T15:49:28.603916,aleju,arithmetic.py,25.0000,comments\runs.csv,comments\json\comments_20260423_5b34.json
comments_20260423_e031,comments,2026-04-23T15:49:55.342686,aleju,bbs.py,50.0000,comments\runs.csv,comments\json\comments_20260423_e031.json
comments_20260423_dc85,comments,2026-04-23T15:50:16.131923,aleju,check_impulse_noise.py,0.0000,comments\runs.csv,comments\json\comments_20260423_dc85.json
comments_20260423_324f,comments,2026-04-23T15:56:11.255959,aleju,check_polygons_stay_valid_during_augmentation.py,0.0000,comments\runs.csv,comments\json\comments_20260423_324f.json
comments_20260423_b6d1,comments,2026-04-23T15:57:37.172882,aleju,arithmetic.py,25.0000,comments\runs.csv,comments\json\comments_20260423_b6d1.json
comments_20260423_142d,comments,2026-04-23T15:58:26.954935,aleju,bbs.py,25.0000,comments\runs.csv,comments\json\comments_20260423_142d.json
comments_20260423_36d9,comments,2026-04-23T15:59:33.954922,aleju,check_impulse_noise.py,0.0000,comments\runs.csv,comments\json\comments_20260423_36d9.json
comments_20260423_16f2,comments,2026-04-23T15:59:53.556476,aleju,check_multiply_hue_and_saturation.py,0.0000,comments\runs.csv,comments\json\comments_20260423_16f2.json
comments_20260423_202b,comments,2026-04-23T16:00:23.940205,aleju,check_polygons_stay_valid_during_augmentation.py,0.0000,comments\runs.csv,comments\json\comments_20260423_202b.json
comments_20260423_bae0,comments,2026-04-23T16:02:06.972848,aleju,arithmetic.py,0.0000,comments\runs.csv,comments\json\comments_20260423_bae0.json
comments_20260423_e88e,comments,2026-04-23T16:03:21.168608,aleju,bbs.py,75.0000,comments\runs.csv,comments\json\comments_20260423_e88e.json
comments_20260423_d724,comments,2026-04-23T16:04:39.844807,aleju,check_impulse_noise.py,0.0000,comments\runs.csv,comments\json\comments_20260423_d724.json
comments_20260423_5450,comments,2026-04-23T16:06:25.809582,aleju,check_multiply_hue_and_saturation.py,0.0000,comments\runs.csv,comments\json\comments_20260423_5450.json
comments_20260423_c2f9,comments,2026-04-23T16:06:49.624373,aleju,check_polygons_stay_valid_during_augmentation.py,0.0000,comments\runs.csv,comments\json\comments_20260423_c2f9.json
comments_20260423_4d9c,comments,2026-04-23T16:08:34.248054,aleju,arithmetic.py,0.0000,comments\runs.csv,comments\json\comments_20260423_4d9c.json
comments_20260423_3758,comments,2026-04-23T16:19:05.450016,aleju,check_impulse_noise.py,0.0000,comments\runs.csv,comments\json\comments_20260423_3758.json
comments_20260423_b641,comments,2026-04-23T16:20:47.577525,aleju,check_multiply_hue_and_saturation.py,0.0000,comments\runs.csv,comments\json\comments_20260423_b641.json
comments_20260423_53e6,comments,2026-04-23T16:23:28.515292,aleju,arithmetic.py,0.0000,comments\runs.csv,comments\json\comments_20260423_53e6.json
comments_20260423_7951,comments,2026-04-23T16:28:54.145846,aleju,bbs.py,75.0000,comments\runs.csv,comments\json\comments_20260423_7951.json
comments_20260423_8600,comments,2026-04-23T16:39:06.310917,aleju,arithmetic.py,25.0000,comments\runs.csv,comments\json\comments_20260423_8600.json
comments_20260423_51f1,comments,2026-04-23T16:39:29.279879,aleju,bbs.py,50.0000,comments\runs.csv,comments\json\comments_20260423_51f1.json
comments_20260423_cd81,comments,2026-04-23T16:43:06.543310,aleju,check_polygons_stay_valid_during_augmentation.py,0.0000,comments\runs.csv,comments\json\comments_20260423_cd81.json
comments_20260423_ad09,comments,2026-04-23T16:44:39.989403,aleju,arithmetic.py,0.0000,comments\runs.csv,comments\json\comments_20260423_ad09.json
comments_20260423_b260,comments,2026-04-23T16:45:03.979724,aleju,bbs.py,50.0000,comments\runs.csv,comments\json\comments_20260423_b260.json
comments_20260423_9f75,comments,2026-04-23T16:48:58.782256,aleju,check_multiply_hue_and_saturation.py,50.0000,comments\runs.csv,comments\json\comments_20260423_9f75.json
comments_20260423_4f0a,comments,2026-04-23T16:49:32.567404,aleju,check_polygons_stay_valid_during_augmentation.py,0.0000,comments\runs.csv,comments\json\comments_20260423_4f0a.json
restructuring_20260423_3179,restructuring,2026-04-23T17:24:13.054652,aleju,check_piecewise_affine.py,0.0000,restructuring\runs.csv,restructuring\json\restructuring_20260423_3179.json
restructuring_20260423_b5d7,restructuring,2026-04-23T17:24:35.977817,aleju,kps.py,50.0000,restructuring\runs.csv,restructuring\json\restructuring_20260423_b5d7.json
restructuring_20260423_aaf6,restructuring,2026-04-23T17:27:09.797655,aleju,check_average_blur.py,0.0000,restructuring\runs.csv,restructuring\json\restructuring_20260423_aaf6.json
restructuring_20260423_6b84,restructuring,2026-04-23T17:27:45.513226,aleju,check_bb_augmentation.py,0.0000,restructuring\runs.csv,restructuring\json\restructuring_20260423_6b84.json
restructuring_20260423_7161,restructuring,2026-04-23T17:28:24.525564,aleju,check_cartoon.py,0.0000,restructuring\runs.csv,restructuring\json\restructuring_20260423_7161.json
restructuring_20260423_02c5,restructuring,2026-04-23T17:28:56.531753,aleju,check_piecewise_affine.py,0.0000,restructuring\runs.csv,restructuring\json\restructuring_20260423_02c5.json
restructuring_20260423_5180,restructuring,2026-04-23T17:29:22.625085,aleju,kps.py,25.0000,restructuring\runs.csv,restructuring\json\restructuring_20260423_5180.json
restructuring_20260423_42b6,restructuring,2026-04-23T17:36:39.647695,aleju,check_bb_augmentation.py,0.0000,restructuring\runs.csv,restructuring\json\restructuring_20260423_42b6.json
restructuring_20260423_add1,restructuring,2026-04-23T17:37:17.468904,aleju,check_cartoon.py,0.0000,restructuring\runs.csv,restructuring\json\restructuring_20260423_add1.json
restructuring_20260423_596e,restructuring,2026-04-23T17:37:43.989106,aleju,check_piecewise_affine.py,0.0000,restructuring\runs.csv,restructuring\json\restructuring_20260423_596e.json
restructuring_20260423_a930,restructuring,2026-04-23T17:38:07.753399,aleju,kps.py,75.0000,restructuring\runs.csv,restructuring\json\restructuring_20260423_a930.json
restructuring_20260423_2df8,restructuring,2026-04-23T17:41:00.607816,aleju,check_average_blur.py,0.0000,restructuring\runs.csv,restructuring\json\restructuring_20260423_2df8.json
restructuring_20260423_8189,restructuring,2026-04-23T17:47:45.510927,aleju,check_piecewise_affine.py,0.0000,restructuring\runs.csv,restructuring\json\restructuring_20260423_8189.json
restructuring_20260423_ae01,restructuring,2026-04-23T17:48:02.753863,aleju,kps.py,100.0000,restructuring\runs.csv,restructuring\json\restructuring_20260423_ae01.json
restructuring_20260423_572c,restructuring,2026-04-23T17:49:44.627530,aleju,check_average_blur.py,0.0000,restructuring\runs.csv,restructuring\json\restructuring_20260423_572c.json
restructuring_20260423_be21,restructuring,2026-04-23T17:50:39.648052,aleju,check_bb_augmentation.py,0.0000,restructuring\runs.csv,restructuring\json\restructuring_20260423_be21.json
restructuring_20260423_abc9,restructuring,2026-04-23T17:51:16.057146,aleju,check_cartoon.py,0.0000,restructuring\runs.csv,restructuring\json\restructuring_20260423_abc9.json
restructuring_20260423_1d55,restructuring,2026-04-23T17:51:56.064004,aleju,check_piecewise_affine.py,0.0000,restructuring\runs.csv,restructuring\json\restructuring_20260423_1d55.json
restructuring_20260423_607c,restructuring,2026-04-23T17:55:07.522283,aleju,check_average_blur.py,0.0000,restructuring\runs.csv,restructuring\json\restructuring_20260423_607c.json
restructuring_20260423_6542,restructuring,2026-04-23T17:55:35.061603,aleju,check_bb_augmentation.py,0.0000,restructuring\runs.csv,restructuring\json\restructuring_20260423_6542.json
restructuring_20260423_5b69,restructuring,2026-04-23T17:56:35.826115,aleju,check_cartoon.py,0.0000,restructuring\runs.csv,restructuring\json\restructuring_20260423_5b69.json
restructuring_20260423_f241,restructuring,2026-04-23T17:58:46.419500,aleju,check_piecewise_affine.py,75.0000,restructuring\runs.csv,restructuring\json\restructuring_20260423_f241.json
restructuring_20260423_57dc,restructuring,2026-04-23T18:03:20.499395,aleju,kps.py,100.0000,restructuring\runs.csv,restructuring\json\restructuring_20260423_57dc.json
restructuring_20260423_8468,restructuring,2026-04-23T18:04:48.809740,aleju,check_average_blur.py,0.0000,restructuring\runs.csv,restructuring\json\restructuring_20260423_8468.json
restructuring_20260423_f422,restructuring,2026-04-23T18:05:13.045159,aleju,check_bb_augmentation.py,0.0000,restructuring\runs.csv,restructuring\json\restructuring_20260423_f422.json
restructuring_20260423_8b34,restructuring,2026-04-23T18:06:09.562084,aleju,check_cartoon.py,0.0000,restructuring\runs.csv,restructuring\json\restructuring_20260423_8b34.json
restructuring_20260423_d0be,restructuring,2026-04-23T18:06:46.502055,aleju,check_piecewise_affine.py,0.0000,restructuring\runs.csv,restructuring\json\restructuring_20260423_d0be.json
restructuring_20260423_6930,restructuring,2026-04-23T18:12:57.321337,aleju,check_average_blur.py,0.0000,restructuring\runs.csv,restructuring\json\restructuring_20260423_6930.json
restructuring_20260423_534a,restructuring,2026-04-23T18:13:37.320955,aleju,check_bb_augmentation.py,0.0000,restructuring\runs.csv,restructuring\json\restructuring_20260423_534a.json
restructuring_20260423_377a,restructuring,2026-04-23T18:14:37.996167,aleju,check_cartoon.py,0.0000,restructuring\runs.csv,restructuring\json\restructuring_20260423_377a.json
restructuring_20260423_7805,restructuring,2026-04-23T18:15:15.903554,aleju,check_piecewise_affine.py,0.0000,restructuring\runs.csv,restructuring\json\restructuring_20260423_7805.json
restructuring_20260423_4e8d,restructuring,2026-04-23T18:25:32.933906,aleju,check_average_blur.py,0.0000,restructuring\runs.csv,restructuring\json\restructuring_20260423_4e8d.json
restructuring_20260423_69cf,restructuring,2026-04-23T18:26:16.645920,aleju,check_bb_augmentation.py,0.0000,restructuring\runs.csv,restructuring\json\restructuring_20260423_69cf.json
restructuring_20260423_a2e3,restructuring,2026-04-23T18:27:22.357805,aleju,check_cartoon.py,0.0000,restructuring\runs.csv,restructuring\json\restructuring_20260423_a2e3.json
restructuring_20260423_06bc,restructuring,2026-04-23T18:29:53.353891,aleju,kps.py,50.0000,restructuring\runs.csv,restructuring\json\restructuring_20260423_06bc.json
restructuring_20260423_6b5f,restructuring,2026-04-23T18:33:27.957688,aleju,check_average_blur.py,0.0000,restructuring\runs.csv,restructuring\json\restructuring_20260423_6b5f.json
restructuring_20260423_ff53,restructuring,2026-04-23T18:34:00.493488,aleju,check_bb_augmentation.py,0.0000,restructuring\runs.csv,restructuring\json\restructuring_20260423_ff53.json
restructuring_20260423_2240,restructuring,2026-04-23T18:35:05.646092,aleju,check_cartoon.py,0.0000,restructuring\runs.csv,restructuring\json\restructuring_20260423_2240.json
restructuring_20260423_8723,restructuring,2026-04-23T18:38:21.978950,aleju,kps.py,0.0000,restructuring\runs.csv,restructuring\json\restructuring_20260423_8723.json
restructuring_20260423_fe16,restructuring,2026-04-23T18:41:13.322975,aleju,check_bb_augmentation.py,25.0000,restructuring\runs.csv,restructuring\json\restructuring_20260423_fe16.json
restructuring_20260423_a42a,restructuring,2026-04-23T18:41:51.357487,aleju,check_cartoon.py,0.0000,restructuring\runs.csv,restructuring\json\restructuring_20260423_a42a.json
restructuring_20260423_ca79,restructuring,2026-04-23T18:42:43.891512,aleju,check_piecewise_affine.py,0.0000,restructuring\runs.csv,restructuring\json\restructuring_20260423_ca79.json
restructuring_20260423_9f5b,restructuring,2026-04-23T18:43:07.980101,aleju,kps.py,75.0000,restructuring\runs.csv,restructuring\json\restructuring_20260423_9f5b.json
restructuring_20260423_d5bf,restructuring,2026-04-23T18:45:18.661817,aleju,check_bb_augmentation.py,0.0000,restructuring\runs.csv,restructuring\json\restructuring_20260423_d5bf.json
restructuring_20260423_de6c,restructuring,2026-04-23T18:45:49.564354,aleju,check_cartoon.py,0.0000,restructuring\runs.csv,restructuring\json\restructuring_20260423_de6c.json
restructuring_20260423_6de9,restructuring,2026-04-23T18:46:31.183551,aleju,check_piecewise_affine.py,0.0000,restructuring\runs.csv,restructuring\json\restructuring_20260423_6de9.json
restructuring_20260423_9128,restructuring,2026-04-23T18:59:07.584264,aleju,check_average_blur.py,0.0000,restructuring\runs.csv,restructuring\json\restructuring_20260423_9128.json
restructuring_20260423_5ead,restructuring,2026-04-23T18:59:37.531299,aleju,check_bb_augmentation.py,0.0000,restructuring\runs.csv,restructuring\json\restructuring_20260423_5ead.json
restructuring_20260423_bac4,restructuring,2026-04-23T19:00:23.968248,aleju,check_cartoon.py,0.0000,restructuring\runs.csv,restructuring\json\restructuring_20260423_bac4.json
restructuring_20260423_c4da,restructuring,2026-04-23T19:00:49.299537,aleju,check_piecewise_affine.py,0.0000,restructuring\runs.csv,restructuring\json\restructuring_20260423_c4da.json
restructuring_20260423_8075,restructuring,2026-04-23T19:01:12.642913,aleju,kps.py,100.0000,restructuring\runs.csv,restructuring\json\restructuring_20260423_8075.json
restructuring_20260423_618f,restructuring,2026-04-23T19:04:13.071275,aleju,check_average_blur.py,0.0000,restructuring\runs.csv,restructuring\json\restructuring_20260423_618f.json
restructuring_20260423_d618,restructuring,2026-04-23T19:04:51.499029,aleju,check_bb_augmentation.py,0.0000,restructuring\runs.csv,restructuring\json\restructuring_20260423_d618.json
restructuring_20260423_24b0,restructuring,2026-04-23T19:05:26.675913,aleju,check_cartoon.py,0.0000,restructuring\runs.csv,restructuring\json\restructuring_20260423_24b0.json
restructuring_20260423_0359,restructuring,2026-04-23T19:06:06.301949,aleju,check_piecewise_affine.py,0.0000,restructuring\runs.csv,restructuring\json\restructuring_20260423_0359.json
restructuring_20260423_db5c,restructuring,2026-04-23T19:11:43.048030,aleju,kps.py,50.0000,restructuring\runs.csv,restructuring\json\restructuring_20260423_db5c.json
restructuring_20260423_cacd,restructuring,2026-04-23T19:15:05.226230,aleju,check_average_blur.py,0.0000,restructuring\runs.csv,restructuring\json\restructuring_20260423_cacd.json
restructuring_20260423_2eac,restructuring,2026-04-23T19:15:45.537358,aleju,check_bb_augmentation.py,0.0000,restructuring\runs.csv,restructuring\json\restructuring_20260423_2eac.json
restructuring_20260423_62f7,restructuring,2026-04-23T19:16:34.724103,aleju,check_cartoon.py,0.0000,restructuring\runs.csv,restructuring\json\restructuring_20260423_62f7.json
restructuring_20260423_1199,restructuring,2026-04-23T19:17:17.029509,aleju,check_piecewise_affine.py,0.0000,restructuring\runs.csv,restructuring\json\restructuring_20260423_1199.json
restructuring_20260423_ae0c,restructuring,2026-04-23T19:17:37.804386,aleju,kps.py,50.0000,restructuring\runs.csv,restructuring\json\restructuring_20260423_ae0c.json
renaming_20260423_9424,renaming,2026-04-23T19:18:14.325132,aleju,check_average_blur.py,0.0000,renaming\runs.csv,renaming\json\renaming_20260423_9424.json
renaming_20260423_a1b9,renaming,2026-04-23T19:22:58.019842,aleju,check_jpeg_compression.py,0.0000,renaming\runs.csv,renaming\json\renaming_20260423_a1b9.json
renaming_20260423_1f4a,renaming,2026-04-23T19:23:34.157595,aleju,check_polygons_stay_valid_during_augmentation.py,0.0000,renaming\runs.csv,renaming\json\renaming_20260423_1f4a.json
renaming_20260423_f949,renaming,2026-04-23T19:24:04.040510,aleju,kps.py,50.0000,renaming\runs.csv,renaming\json\renaming_20260423_f949.json
renaming_20260423_d0a4,renaming,2026-04-23T19:30:58.953374,aleju,check_average_blur.py,0.0000,renaming\runs.csv,renaming\json\renaming_20260423_d0a4.json
renaming_20260423_0f92,renaming,2026-04-23T19:31:35.522922,aleju,check_cartoon.py,0.0000,renaming\runs.csv,renaming\json\renaming_20260423_0f92.json
renaming_20260423_97b9,renaming,2026-04-23T19:31:59.295372,aleju,check_jpeg_compression.py,0.0000,renaming\runs.csv,renaming\json\renaming_20260423_97b9.json
renaming_20260423_8c89,renaming,2026-04-23T19:32:22.023647,aleju,check_polygons_stay_valid_during_augmentation.py,0.0000,renaming\runs.csv,renaming\json\renaming_20260423_8c89.json
renaming_20260423_a62e,renaming,2026-04-23T19:33:28.499529,aleju,kps.py,50.0000,renaming\runs.csv,renaming\json\renaming_20260423_a62e.json
renaming_20260423_0c3f,renaming,2026-04-23T19:35:08.244853,aleju,check_average_blur.py,0.0000,renaming\runs.csv,renaming\json\renaming_20260423_0c3f.json
renaming_20260423_0019,renaming,2026-04-23T19:36:17.865998,aleju,check_cartoon.py,0.0000,renaming\runs.csv,renaming\json\renaming_20260423_0019.json
renaming_20260423_cbb4,renaming,2026-04-23T19:36:40.539550,aleju,check_jpeg_compression.py,25.0000,renaming\runs.csv,renaming\json\renaming_20260423_cbb4.json
renaming_20260423_b65a,renaming,2026-04-23T19:37:02.579331,aleju,check_polygons_stay_valid_during_augmentation.py,0.0000,renaming\runs.csv,renaming\json\renaming_20260423_b65a.json
renaming_20260423_5e04,renaming,2026-04-23T19:44:04.409603,aleju,kps.py,50.0000,renaming\runs.csv,renaming\json\renaming_20260423_5e04.json
renaming_20260423_3ca8,renaming,2026-04-23T19:49:18.186691,aleju,check_cartoon.py,25.0000,renaming\runs.csv,renaming\json\renaming_20260423_3ca8.json
renaming_20260423_b4dc,renaming,2026-04-23T19:52:49.693209,aleju,check_polygons_stay_valid_during_augmentation.py,0.0000,renaming\runs.csv,renaming\json\renaming_20260423_b4dc.json
renaming_20260423_9019,renaming,2026-04-23T20:00:16.694460,aleju,check_cartoon.py,0.0000,renaming\runs.csv,renaming\json\renaming_20260423_9019.json
renaming_20260423_02d0,renaming,2026-04-23T20:00:42.207405,aleju,check_jpeg_compression.py,0.0000,renaming\runs.csv,renaming\json\renaming_20260423_02d0.json
renaming_20260423_8774,renaming,2026-04-23T20:02:00.984037,aleju,check_polygons_stay_valid_during_augmentation.py,50.0000,renaming\runs.csv,renaming\json\renaming_20260423_8774.json
renaming_20260423_3c53,renaming,2026-04-23T20:03:11.393218,aleju,kps.py,50.0000,renaming\runs.csv,renaming\json\renaming_20260423_3c53.json
renaming_20260423_efc5,renaming,2026-04-23T20:09:20.426023,aleju,check_cartoon.py,0.0000,renaming\runs.csv,renaming\json\renaming_20260423_efc5.json
renaming_20260423_4285,renaming,2026-04-23T20:09:42.805037,aleju,check_jpeg_compression.py,0.0000,renaming\runs.csv,renaming\json\renaming_20260423_4285.json
renaming_20260423_bcbe,renaming,2026-04-23T20:15:37.869570,aleju,kps.py,50.0000,renaming\runs.csv,renaming\json\renaming_20260423_bcbe.json
renaming_20260423_4bbb,renaming,2026-04-23T20:17:12.284762,aleju,check_average_blur.py,0.0000,renaming\runs.csv,renaming\json\renaming_20260423_4bbb.json
renaming_20260423_71cc,renaming,2026-04-23T20:17:50.443901,aleju,check_cartoon.py,0.0000,renaming\runs.csv,renaming\json\renaming_20260423_71cc.json
renaming_20260423_47f1,renaming,2026-04-23T20:21:15.871662,aleju,check_polygons_stay_valid_during_augmentation.py,0.0000,renaming\runs.csv,renaming\json\renaming_20260423_47f1.json
renaming_20260423_20b5,renaming,2026-04-23T20:30:25.443856,aleju,check_average_blur.py,0.0000,renaming\runs.csv,renaming\json\renaming_20260423_20b5.json
renaming_20260423_8522,renaming,2026-04-23T20:36:38.759713,aleju,check_cartoon.py,25.0000,renaming\runs.csv,renaming\json\renaming_20260423_8522.json
renaming_20260423_d8e2,renaming,2026-04-23T20:47:08.727468,aleju,check_jpeg_compression.py,100.0000,renaming\runs.csv,renaming\json\renaming_20260423_d8e2.json
renaming_20260423_f4c5,renaming,2026-04-23T20:47:32.457175,aleju,check_polygons_stay_valid_during_augmentation.py,0.0000,renaming\runs.csv,renaming\json\renaming_20260423_f4c5.json
renaming_20260423_35ba,renaming,2026-04-23T20:47:54.091566,aleju,kps.py,100.0000,renaming\runs.csv,renaming\json\renaming_20260423_35ba.json
renaming_20260423_7145,renaming,2026-04-23T20:50:20.913627,aleju,check_average_blur.py,0.0000,renaming\runs.csv,renaming\json\renaming_20260423_7145.json
renaming_20260423_3ceb,renaming,2026-04-23T20:51:26.136091,aleju,check_cartoon.py,25.0000,renaming\runs.csv,renaming\json\renaming_20260423_3ceb.json
renaming_20260423_3319,renaming,2026-04-23T20:52:24.611601,aleju,check_jpeg_compression.py,0.0000,renaming\runs.csv,renaming\json\renaming_20260423_3319.json
renaming_20260423_c446,renaming,2026-04-23T20:53:02.116493,aleju,check_polygons_stay_valid_during_augmentation.py,0.0000,renaming\runs.csv,renaming\json\renaming_20260423_c446.json
renaming_20260423_4f36,renaming,2026-04-23T20:53:28.028988,aleju,kps.py,50.0000,renaming\runs.csv,renaming\json\renaming_20260423_4f36.json
renaming_20260423_542d,renaming,2026-04-23T21:00:05.487377,aleju,check_cartoon.py,0.0000,renaming\runs.csv,renaming\json\renaming_20260423_542d.json
renaming_20260423_ad3a,renaming,2026-04-23T21:00:24.682807,aleju,check_jpeg_compression.py,0.0000,renaming\runs.csv,renaming\json\renaming_20260423_ad3a.json
renaming_20260423_1906,renaming,2026-04-23T21:00:51.260133,aleju,check_polygons_stay_valid_during_augmentation.py,0.0000,renaming\runs.csv,renaming\json\renaming_20260423_1906.json
renaming_20260423_d651,renaming,2026-04-23T21:01:19.754677,aleju,kps.py,75.0000,renaming\runs.csv,renaming\json\renaming_20260423_d651.json
renaming_20260423_f1ee,renaming,2026-04-23T21:02:56.806600,aleju,check_average_blur.py,0.0000,renaming\runs.csv,renaming\json\renaming_20260423_f1ee.json
renaming_20260423_729e,renaming,2026-04-23T21:09:40.222043,aleju,check_polygons_stay_valid_during_augmentation.py,0.0000,renaming\runs.csv,renaming\json\renaming_20260423_729e.json
renaming_20260423_5e08,renaming,2026-04-23T21:14:22.519097,aleju,check_average_blur.py,0.0000,renaming\runs.csv,renaming\json\renaming_20260423_5e08.json
renaming_20260423_a03c,renaming,2026-04-23T21:15:03.807911,aleju,check_cartoon.py,25.0000,renaming\runs.csv,renaming\json\renaming_20260423_a03c.json
renaming_20260423_8ffb,renaming,2026-04-23T21:15:22.721966,aleju,check_jpeg_compression.py,25.0000,renaming\runs.csv,renaming\json\renaming_20260423_8ffb.json
renaming_20260423_f603,renaming,2026-04-23T21:16:01.661947,aleju,check_polygons_stay_valid_during_augmentation.py,0.0000,renaming\runs.csv,renaming\json\renaming_20260423_f603.json
renaming_20260423_af40,renaming,2026-04-23T21:17:11.052415,aleju,kps.py,75.0000,renaming\runs.csv,renaming\json\renaming_20260423_af40.json
renaming_20260423_9897,renaming,2026-04-23T21:19:47.559285,aleju,check_average_blur.py,50.0000,renaming\runs.csv,renaming\json\renaming_20260423_9897.json
renaming_20260423_34a6,renaming,2026-04-23T21:20:27.021041,aleju,check_cartoon.py,25.0000,renaming\runs.csv,renaming\json\renaming_20260423_34a6.json
renaming_20260423_6d58,renaming,2026-04-23T21:24:33.300628,aleju,check_polygons_stay_valid_during_augmentation.py,0.0000,renaming\runs.csv,renaming\json\renaming_20260423_6d58.json
renaming_20260423_c95c,renaming,2026-04-23T21:35:24.530052,aleju,check_jpeg_compression.py,0.0000,renaming\runs.csv,renaming\json\renaming_20260423_c95c.json
renaming_20260423_e438,renaming,2026-04-23T21:35:50.181967,aleju,check_polygons_stay_valid_during_augmentation.py,0.0000,renaming\runs.csv,renaming\json\renaming_20260423_e438.json
renaming_20260423_4b4c,renaming,2026-04-23T21:36:31.494278,aleju,kps.py,50.0000,renaming\runs.csv,renaming\json\renaming_20260423_4b4c.json
renaming_20260423_cc9c,renaming,2026-04-23T21:38:37.005451,aleju,check_average_blur.py,0.0000,renaming\runs.csv,renaming\json\renaming_20260423_cc9c.json
renaming_20260423_039e,renaming,2026-04-23T21:39:12.363251,aleju,check_cartoon.py,0.0000,renaming\runs.csv,renaming\json\renaming_20260423_039e.json
renaming_20260423_6382,renaming,2026-04-23T21:39:32.873436,aleju,check_jpeg_compression.py,0.0000,renaming\runs.csv,renaming\json\renaming_20260423_6382.json
renaming_20260423_e5cf,renaming,2026-04-23T21:40:47.428920,aleju,check_polygons_stay_valid_during_augmentation.py,75.0000,renaming\runs.csv,renaming\json\renaming_20260423_e5cf.json
renaming_20260423_5315,renaming,2026-04-23T21:46:08.665036,aleju,kps.py,100.0000,renaming\runs.csv,renaming\json\renaming_20260423_5315.json
formatting_20260423_2925,formatting,2026-04-23T21:46:50.693556,aleju,check_bb_augmentation.py,0.0000,formatting\runs.csv,formatting\json\formatting_20260423_2925.json
formatting_20260423_f882,formatting,2026-04-23T21:51:15.603354,aleju,check_multiply_hue_and_saturation.py,0.0000,formatting\runs.csv,formatting\json\formatting_20260423_f882.json
formatting_20260423_2d2a,formatting,2026-04-23T21:51:37.492430,aleju,dtypes.py,50.0000,formatting\runs.csv,formatting\json\formatting_20260423_2d2a.json
formatting_20260423_92f2,formatting,2026-04-23T21:52:03.609603,aleju,kps.py,50.0000,formatting\runs.csv,formatting\json\formatting_20260423_92f2.json
formatting_20260423_b7dc,formatting,2026-04-23T21:53:56.082730,aleju,check_bb_augmentation.py,0.0000,formatting\runs.csv,formatting\json\formatting_20260423_b7dc.json
formatting_20260423_9a1d,formatting,2026-04-23T21:54:30.798703,aleju,check_cartoon.py,0.0000,formatting\runs.csv,formatting\json\formatting_20260423_9a1d.json
formatting_20260423_b545,formatting,2026-04-23T21:57:07.247884,aleju,check_multiply_hue_and_saturation.py,100.0000,formatting\runs.csv,formatting\json\formatting_20260423_b545.json
formatting_20260423_15d6,formatting,2026-04-23T21:57:35.509368,aleju,dtypes.py,25.0000,formatting\runs.csv,formatting\json\formatting_20260423_15d6.json
formatting_20260423_2163,formatting,2026-04-23T22:01:59.584450,aleju,check_bb_augmentation.py,0.0000,formatting\runs.csv,formatting\json\formatting_20260423_2163.json
formatting_20260423_0097,formatting,2026-04-23T22:03:31.667439,aleju,check_cartoon.py,0.0000,formatting\runs.csv,formatting\json\formatting_20260423_0097.json
formatting_20260423_3f9d,formatting,2026-04-23T22:06:21.384431,aleju,dtypes.py,0.0000,formatting\runs.csv,formatting\json\formatting_20260423_3f9d.json
formatting_20260423_0166,formatting,2026-04-23T22:10:51.469661,aleju,check_bb_augmentation.py,0.0000,formatting\runs.csv,formatting\json\formatting_20260423_0166.json
formatting_20260423_2821,formatting,2026-04-23T22:11:22.930656,aleju,check_cartoon.py,0.0000,formatting\runs.csv,formatting\json\formatting_20260423_2821.json
formatting_20260423_a5b0,formatting,2026-04-23T22:11:42.465367,aleju,check_multiply_hue_and_saturation.py,0.0000,formatting\runs.csv,formatting\json\formatting_20260423_a5b0.json
formatting_20260423_9878,formatting,2026-04-23T22:13:11.587910,aleju,dtypes.py,100.0000,formatting\runs.csv,formatting\json\formatting_20260423_9878.json
formatting_20260423_8968,formatting,2026-04-23T22:17:56.382780,aleju,check_bb_augmentation.py,0.0000,formatting\runs.csv,formatting\json\formatting_20260423_8968.json
formatting_20260423_d4d8,formatting,2026-04-23T22:18:31.041083,aleju,check_cartoon.py,0.0000,formatting\runs.csv,formatting\json\formatting_20260423_d4d8.json
formatting_20260423_8fd3,formatting,2026-04-23T22:18:47.802240,aleju,check_multiply_hue_and_saturation.py,0.0000,formatting\runs.csv,formatting\json\formatting_20260423_8fd3.json
formatting_20260423_a27a,formatting,2026-04-23T22:21:46.171539,aleju,kps.py,25.0000,formatting\runs.csv,formatting\json\formatting_20260423_a27a.json
formatting_20260423_a6af,formatting,2026-04-23T22:24:02.854192,aleju,check_bb_augmentation.py,0.0000,formatting\runs.csv,formatting\json\formatting_20260423_a6af.json
formatting_20260423_acd4,formatting,2026-04-23T22:24:40.063419,aleju,check_cartoon.py,0.0000,formatting\runs.csv,formatting\json\formatting_20260423_acd4.json
formatting_20260423_584b,formatting,2026-04-23T22:25:02.122011,aleju,check_multiply_hue_and_saturation.py,0.0000,formatting\runs.csv,formatting\json\formatting_20260423_584b.json
formatting_20260423_bf18,formatting,2026-04-23T22:25:27.143996,aleju,dtypes.py,75.0000,formatting\runs.csv,formatting\json\formatting_20260423_bf18.json
formatting_20260423_493f,formatting,2026-04-23T22:30:01.365831,aleju,check_bb_augmentation.py,0.0000,formatting\runs.csv,formatting\json\formatting_20260423_493f.json
formatting_20260423_a182,formatting,2026-04-23T22:30:46.731066,aleju,check_multiply_hue_and_saturation.py,0.0000,formatting\runs.csv,formatting\json\formatting_20260423_a182.json
formatting_20260423_3920,formatting,2026-04-23T22:31:08.958594,aleju,dtypes.py,25.0000,formatting\runs.csv,formatting\json\formatting_20260423_3920.json
formatting_20260423_365a,formatting,2026-04-23T22:43:40.383892,aleju,check_cartoon.py,0.0000,formatting\runs.csv,formatting\json\formatting_20260423_365a.json
formatting_20260423_0020,formatting,2026-04-23T22:44:00.645038,aleju,check_multiply_hue_and_saturation.py,0.0000,formatting\runs.csv,formatting\json\formatting_20260423_0020.json
formatting_20260423_ac61,formatting,2026-04-23T22:44:48.868391,aleju,dtypes.py,75.0000,formatting\runs.csv,formatting\json\formatting_20260423_ac61.json
formatting_20260423_eee1,formatting,2026-04-23T22:50:23.941803,aleju,check_bb_augmentation.py,0.0000,formatting\runs.csv,formatting\json\formatting_20260423_eee1.json
formatting_20260423_2df7,formatting,2026-04-23T22:53:22.908976,aleju,check_multiply_hue_and_saturation.py,0.0000,formatting\runs.csv,formatting\json\formatting_20260423_2df7.json
formatting_20260423_c693,formatting,2026-04-23T23:07:55.637224,aleju,check_multiply_hue_and_saturation.py,0.0000,formatting\runs.csv,formatting\json\formatting_20260423_c693.json
formatting_20260423_1ba0,formatting,2026-04-23T23:08:20.633472,aleju,dtypes.py,25.0000,formatting\runs.csv,formatting\json\formatting_20260423_1ba0.json
formatting_20260423_a708,formatting,2026-04-23T23:08:54.506585,aleju,kps.py,75.0000,formatting\runs.csv,formatting\json\formatting_20260423_a708.json
formatting_20260423_f404,formatting,2026-04-23T23:10:48.287281,aleju,check_bb_augmentation.py,0.0000,formatting\runs.csv,formatting\json\formatting_20260423_f404.json
formatting_20260423_d7ad,formatting,2026-04-23T23:11:23.077184,aleju,check_cartoon.py,0.0000,formatting\runs.csv,formatting\json\formatting_20260423_d7ad.json
formatting_20260423_55fc,formatting,2026-04-23T23:11:44.351270,aleju,check_multiply_hue_and_saturation.py,0.0000,formatting\runs.csv,formatting\json\formatting_20260423_55fc.json
formatting_20260423_5452,formatting,2026-04-23T23:12:35.383801,aleju,dtypes.py,100.0000,formatting\runs.csv,formatting\json\formatting_20260423_5452.json
formatting_20260423_beda,formatting,2026-04-23T23:12:56.810844,aleju,kps.py,75.0000,formatting\runs.csv,formatting\json\formatting_20260423_beda.json
formatting_20260423_835c,formatting,2026-04-23T23:15:27.671503,aleju,check_bb_augmentation.py,0.0000,formatting\runs.csv,formatting\json\formatting_20260423_835c.json
formatting_20260423_61cf,formatting,2026-04-23T23:18:12.150195,aleju,check_cartoon.py,25.0000,formatting\runs.csv,formatting\json\formatting_20260423_61cf.json
formatting_20260423_5753,formatting,2026-04-23T23:18:34.440798,aleju,check_multiply_hue_and_saturation.py,0.0000,formatting\runs.csv,formatting\json\formatting_20260423_5753.json
formatting_20260423_c2d2,formatting,2026-04-23T23:25:44.377097,aleju,check_bb_augmentation.py,0.0000,formatting\runs.csv,formatting\json\formatting_20260423_c2d2.json
formatting_20260423_b43f,formatting,2026-04-23T23:26:40.873014,aleju,check_multiply_hue_and_saturation.py,0.0000,formatting\runs.csv,formatting\json\formatting_20260423_b43f.json
formatting_20260423_a5d3,formatting,2026-04-23T23:27:32.703976,aleju,dtypes.py,75.0000,formatting\runs.csv,formatting\json\formatting_20260423_a5d3.json
formatting_20260423_66f1,formatting,2026-04-23T23:38:07.465773,aleju,check_bb_augmentation.py,0.0000,formatting\runs.csv,formatting\json\formatting_20260423_66f1.json
formatting_20260423_7bb5,formatting,2026-04-23T23:38:43.805084,aleju,check_cartoon.py,0.0000,formatting\runs.csv,formatting\json\formatting_20260423_7bb5.json
formatting_20260423_36c8,formatting,2026-04-23T23:39:04.468696,aleju,check_multiply_hue_and_saturation.py,0.0000,formatting\runs.csv,formatting\json\formatting_20260423_36c8.json
formatting_20260423_feba,formatting,2026-04-23T23:40:24.169839,aleju,dtypes.py,75.0000,formatting\runs.csv,formatting\json\formatting_20260423_feba.json
formatting_20260423_d1c2,formatting,2026-04-23T23:41:08.231194,aleju,kps.py,50.0000,formatting\runs.csv,formatting\json\formatting_20260423_d1c2.json
formatting_20260423_040c,formatting,2026-04-23T23:44:21.315263,aleju,check_bb_augmentation.py,0.0000,formatting\runs.csv,formatting\json\formatting_20260423_040c.json
formatting_20260423_35ab,formatting,2026-04-23T23:45:34.408513,aleju,check_cartoon.py,50.0000,formatting\runs.csv,formatting\json\formatting_20260423_35ab.json
formatting_20260423_0c64,formatting,2026-04-23T23:47:28.094882,aleju,check_multiply_hue_and_saturation.py,0.0000,formatting\runs.csv,formatting\json\formatting_20260423_0c64.json
formatting_20260423_1604,formatting,2026-04-23T23:47:53.178699,aleju,dtypes.py,0.0000,formatting\runs.csv,formatting\json\formatting_20260423_1604.json
formatting_20260423_6ee7,formatting,2026-04-23T23:48:24.959513,aleju,kps.py,50.0000,formatting\runs.csv,formatting\json\formatting_20260423_6ee7.json
dead_code_20260423_a114,dead_code,2026-04-23T23:52:37.831387,aleju,check_bb_augmentation.py,0.0000,dead_code\runs.csv,dead_code\json\dead_code_20260423_a114.json
dead_code_20260423_d1ed,dead_code,2026-04-23T23:53:04.397106,aleju,check_cartoon.py,0.0000,dead_code\runs.csv,dead_code\json\dead_code_20260423_d1ed.json
dead_code_20260423_a090,dead_code,2026-04-23T23:53:23.359045,aleju,check_jpeg_compression.py,0.0000,dead_code\runs.csv,dead_code\json\dead_code_20260423_a090.json
dead_code_20260423_8431,dead_code,2026-04-23T23:53:59.373731,aleju,dtypes.py,0.0000,dead_code\runs.csv,dead_code\json\dead_code_20260423_8431.json
dead_code_20260423_b150,dead_code,2026-04-23T23:55:35.131589,aleju,check_average_blur.py,0.0000,dead_code\runs.csv,dead_code\json\dead_code_20260423_b150.json
dead_code_20260423_e1fe,dead_code,2026-04-23T23:56:20.573643,aleju,check_bb_augmentation.py,0.0000,dead_code\runs.csv,dead_code\json\dead_code_20260423_e1fe.json
dead_code_20260423_1e87,dead_code,2026-04-23T23:57:04.044457,aleju,check_cartoon.py,0.0000,dead_code\runs.csv,dead_code\json\dead_code_20260423_1e87.json
dead_code_20260423_3863,dead_code,2026-04-23T23:59:05.262964,aleju,check_jpeg_compression.py,0.0000,dead_code\runs.csv,dead_code\json\dead_code_20260423_3863.json
dead_code_20260423_56bf,dead_code,2026-04-24T00:00:01.620413,aleju,dtypes.py,75.0000,dead_code\runs.csv,dead_code\json\dead_code_20260423_56bf.json
dead_code_20260424_4b69,dead_code,2026-04-24T00:07:50.133065,aleju,check_bb_augmentation.py,0.0000,dead_code\runs.csv,dead_code\json\dead_code_20260424_4b69.json
dead_code_20260424_a1a6,dead_code,2026-04-24T00:09:16.443469,aleju,check_cartoon.py,50.0000,dead_code\runs.csv,dead_code\json\dead_code_20260424_a1a6.json
dead_code_20260424_bb53,dead_code,2026-04-24T00:11:26.016478,aleju,check_jpeg_compression.py,0.0000,dead_code\runs.csv,dead_code\json\dead_code_20260424_bb53.json
dead_code_20260424_ccb7,dead_code,2026-04-24T00:12:18.729100,aleju,dtypes.py,100.0000,dead_code\runs.csv,dead_code\json\dead_code_20260424_ccb7.json
dead_code_20260424_c8fa,dead_code,2026-04-24T00:13:34.790133,aleju,check_average_blur.py,0.0000,dead_code\runs.csv,dead_code\json\dead_code_20260424_c8fa.json
dead_code_20260424_7368,dead_code,2026-04-24T00:14:07.216962,aleju,check_bb_augmentation.py,0.0000,dead_code\runs.csv,dead_code\json\dead_code_20260424_7368.json
dead_code_20260424_f914,dead_code,2026-04-24T00:14:46.963536,aleju,check_cartoon.py,0.0000,dead_code\runs.csv,dead_code\json\dead_code_20260424_f914.json
dead_code_20260424_42bc,dead_code,2026-04-24T00:15:09.119928,aleju,check_jpeg_compression.py,0.0000,dead_code\runs.csv,dead_code\json\dead_code_20260424_42bc.json
dead_code_20260424_5df6,dead_code,2026-04-24T00:15:41.387395,aleju,dtypes.py,50.0000,dead_code\runs.csv,dead_code\json\dead_code_20260424_5df6.json
dead_code_20260424_29d8,dead_code,2026-04-24T00:25:57.623535,aleju,check_cartoon.py,25.0000,dead_code\runs.csv,dead_code\json\dead_code_20260424_29d8.json
dead_code_20260424_57ed,dead_code,2026-04-24T00:34:10.298637,aleju,check_average_blur.py,0.0000,dead_code\runs.csv,dead_code\json\dead_code_20260424_57ed.json
dead_code_20260424_b525,dead_code,2026-04-24T00:39:42.603733,aleju,check_bb_augmentation.py,0.0000,dead_code\runs.csv,dead_code\json\dead_code_20260424_b525.json
dead_code_20260424_88c8,dead_code,2026-04-24T00:41:03.322896,aleju,check_cartoon.py,0.0000,dead_code\runs.csv,dead_code\json\dead_code_20260424_88c8.json
dead_code_20260424_1057,dead_code,2026-04-24T00:41:21.703494,aleju,check_jpeg_compression.py,0.0000,dead_code\runs.csv,dead_code\json\dead_code_20260424_1057.json
dead_code_20260424_58d2,dead_code,2026-04-24T00:45:22.267397,aleju,check_average_blur.py,0.0000,dead_code\runs.csv,dead_code\json\dead_code_20260424_58d2.json
dead_code_20260424_88aa,dead_code,2026-04-24T00:47:32.717524,aleju,check_cartoon.py,25.0000,dead_code\runs.csv,dead_code\json\dead_code_20260424_88aa.json
dead_code_20260424_6331,dead_code,2026-04-24T00:48:07.313960,aleju,check_jpeg_compression.py,0.0000,dead_code\runs.csv,dead_code\json\dead_code_20260424_6331.json
dead_code_20260424_08ef,dead_code,2026-04-24T00:49:04.274858,aleju,dtypes.py,100.0000,dead_code\runs.csv,dead_code\json\dead_code_20260424_08ef.json
dead_code_20260424_b0a3,dead_code,2026-04-24T00:51:16.468298,aleju,check_average_blur.py,0.0000,dead_code\runs.csv,dead_code\json\dead_code_20260424_b0a3.json
dead_code_20260424_5373,dead_code,2026-04-24T00:52:00.776878,aleju,check_bb_augmentation.py,0.0000,dead_code\runs.csv,dead_code\json\dead_code_20260424_5373.json
dead_code_20260424_27f2,dead_code,2026-04-24T00:52:59.124658,aleju,check_cartoon.py,0.0000,dead_code\runs.csv,dead_code\json\dead_code_20260424_27f2.json
dead_code_20260424_b78c,dead_code,2026-04-24T00:53:22.812711,aleju,check_jpeg_compression.py,0.0000,dead_code\runs.csv,dead_code\json\dead_code_20260424_b78c.json
dead_code_20260424_873e,dead_code,2026-04-24T00:53:50.926373,aleju,dtypes.py,100.0000,dead_code\runs.csv,dead_code\json\dead_code_20260424_873e.json
dead_code_20260424_fd46,dead_code,2026-04-24T00:55:55.190726,aleju,check_average_blur.py,0.0000,dead_code\runs.csv,dead_code\json\dead_code_20260424_fd46.json
dead_code_20260424_a826,dead_code,2026-04-24T00:56:15.951046,aleju,check_bb_augmentation.py,0.0000,dead_code\runs.csv,dead_code\json\dead_code_20260424_a826.json
dead_code_20260424_de61,dead_code,2026-04-24T00:56:54.539030,aleju,check_cartoon.py,0.0000,dead_code\runs.csv,dead_code\json\dead_code_20260424_de61.json
dead_code_20260424_3436,dead_code,2026-04-24T00:57:39.149678,aleju,check_jpeg_compression.py,0.0000,dead_code\runs.csv,dead_code\json\dead_code_20260424_3436.json
dead_code_20260424_1c10,dead_code,2026-04-24T00:58:37.889109,aleju,dtypes.py,100.0000,dead_code\runs.csv,dead_code\json\dead_code_20260424_1c10.json
dead_code_20260424_83b8,dead_code,2026-04-24T01:00:43.209777,aleju,check_average_blur.py,0.0000,dead_code\runs.csv,dead_code\json\dead_code_20260424_83b8.json
dead_code_20260424_dbcf,dead_code,2026-04-24T01:01:16.912239,aleju,check_bb_augmentation.py,0.0000,dead_code\runs.csv,dead_code\json\dead_code_20260424_dbcf.json
dead_code_20260424_44d3,dead_code,2026-04-24T01:02:23.110190,aleju,check_cartoon.py,0.0000,dead_code\runs.csv,dead_code\json\dead_code_20260424_44d3.json
dead_code_20260424_53ce,dead_code,2026-04-24T01:02:45.125688,aleju,check_jpeg_compression.py,0.0000,dead_code\runs.csv,dead_code\json\dead_code_20260424_53ce.json
dead_code_20260424_38ca,dead_code,2026-04-24T01:03:54.055915,aleju,dtypes.py,100.0000,dead_code\runs.csv,dead_code\json\dead_code_20260424_38ca.json
dead_code_20260424_c669,dead_code,2026-04-24T01:05:46.562770,aleju,check_average_blur.py,0.0000,dead_code\runs.csv,dead_code\json\dead_code_20260424_c669.json
dead_code_20260424_17cf,dead_code,2026-04-24T01:06:19.653849,aleju,check_bb_augmentation.py,0.0000,dead_code\runs.csv,dead_code\json\dead_code_20260424_17cf.json
dead_code_20260424_fc7c,dead_code,2026-04-24T01:08:26.966355,aleju,check_cartoon.py,0.0000,dead_code\runs.csv,dead_code\json\dead_code_20260424_fc7c.json
dead_code_20260424_b326,dead_code,2026-04-24T01:12:12.895470,aleju,dtypes.py,0.0000,dead_code\runs.csv,dead_code\json\dead_code_20260424_b326.json
dead_code_20260424_99d0,dead_code,2026-04-24T01:14:04.413723,aleju,check_average_blur.py,0.0000,dead_code\runs.csv,dead_code\json\dead_code_20260424_99d0.json
dead_code_20260424_9b9b,dead_code,2026-04-24T01:17:46.959384,aleju,check_cartoon.py,0.0000,dead_code\runs.csv,dead_code\json\dead_code_20260424_9b9b.json
dead_code_20260424_3824,dead_code,2026-04-24T01:18:15.138824,aleju,check_jpeg_compression.py,0.0000,dead_code\runs.csv,dead_code\json\dead_code_20260424_3824.json
dead_code_20260424_0eda,dead_code,2026-04-24T01:18:40.316526,aleju,dtypes.py,0.0000,dead_code\runs.csv,dead_code\json\dead_code_20260424_0eda.json
dead_code_20260424_fb71,dead_code,2026-04-24T01:26:26.713079,aleju,check_cartoon.py,0.0000,dead_code\runs.csv,dead_code\json\dead_code_20260424_fb71.json
dead_code_20260424_2561,dead_code,2026-04-24T01:26:52.951324,aleju,check_jpeg_compression.py,0.0000,dead_code\runs.csv,dead_code\json\dead_code_20260424_2561.json
dead_code_20260424_98d4,dead_code,2026-04-24T01:27:19.483535,aleju,dtypes.py,50.0000,dead_code\runs.csv,dead_code\json\dead_code_20260424_98d4.json
dead_code_20260424_e628,dead_code,2026-04-24T01:30:04.559613,aleju,check_average_blur.py,0.0000,dead_code\runs.csv,dead_code\json\dead_code_20260424_e628.json
dead_code_20260424_8d1c,dead_code,2026-04-24T01:39:29.872960,aleju,check_jpeg_compression.py,0.0000,dead_code\runs.csv,dead_code\json\dead_code_20260424_8d1c.json
dead_code_20260424_c1bf,dead_code,2026-04-24T01:39:54.891019,aleju,dtypes.py,50.0000,dead_code\runs.csv,dead_code\json\dead_code_20260424_c1bf.json
dead_code_20260424_7fe7,dead_code,2026-04-24T01:46:04.373863,aleju,check_jpeg_compression.py,25.0000,dead_code\runs.csv,dead_code\json\dead_code_20260424_7fe7.json
dead_code_20260424_73d6,dead_code,2026-04-24T01:47:03.078730,aleju,dtypes.py,100.0000,dead_code\runs.csv,dead_code\json\dead_code_20260424_73d6.json
type_hints_20260424_a6e1,type_hints,2026-04-24T01:47:35.745186,aleju,arithmetic.py,25.0000,type_hints\runs.csv,type_hints\json\type_hints_20260424_a6e1.json
type_hints_20260424_7a07,type_hints,2026-04-24T01:50:31.557078,aleju,check_impulse_noise.py,0.0000,type_hints\runs.csv,type_hints\json\type_hints_20260424_7a07.json
type_hints_20260424_e706,type_hints,2026-04-24T01:51:05.079237,aleju,dtypes.py,25.0000,type_hints\runs.csv,type_hints\json\type_hints_20260424_e706.json
type_hints_20260424_6790,type_hints,2026-04-24T01:51:25.883821,aleju,heatmaps.py,50.0000,type_hints\runs.csv,type_hints\json\type_hints_20260424_6790.json
type_hints_20260424_34bb,type_hints,2026-04-24T01:53:14.100658,aleju,arithmetic.py,50.0000,type_hints\runs.csv,type_hints\json\type_hints_20260424_34bb.json
type_hints_20260424_f792,type_hints,2026-04-24T01:54:40.467132,aleju,check_bb_augmentation.py,0.0000,type_hints\runs.csv,type_hints\json\type_hints_20260424_f792.json
type_hints_20260424_429b,type_hints,2026-04-24T01:55:02.392270,aleju,check_impulse_noise.py,0.0000,type_hints\runs.csv,type_hints\json\type_hints_20260424_429b.json
type_hints_20260424_fab1,type_hints,2026-04-24T01:55:36.076303,aleju,dtypes.py,75.0000,type_hints\runs.csv,type_hints\json\type_hints_20260424_fab1.json
type_hints_20260424_7558,type_hints,2026-04-24T01:55:56.631607,aleju,heatmaps.py,75.0000,type_hints\runs.csv,type_hints\json\type_hints_20260424_7558.json
type_hints_20260424_9d05,type_hints,2026-04-24T02:05:29.596775,aleju,check_bb_augmentation.py,0.0000,type_hints\runs.csv,type_hints\json\type_hints_20260424_9d05.json
type_hints_20260424_c194,type_hints,2026-04-24T02:05:51.379682,aleju,check_impulse_noise.py,0.0000,type_hints\runs.csv,type_hints\json\type_hints_20260424_c194.json
type_hints_20260424_5e2e,type_hints,2026-04-24T02:08:37.736405,aleju,heatmaps.py,75.0000,type_hints\runs.csv,type_hints\json\type_hints_20260424_5e2e.json
type_hints_20260424_f0f2,type_hints,2026-04-24T02:13:16.397309,aleju,arithmetic.py,0.0000,type_hints\runs.csv,type_hints\json\type_hints_20260424_f0f2.json
type_hints_20260424_d5cc,type_hints,2026-04-24T02:17:28.669554,aleju,check_impulse_noise.py,0.0000,type_hints\runs.csv,type_hints\json\type_hints_20260424_d5cc.json
type_hints_20260424_0d8d,type_hints,2026-04-24T02:17:53.783278,aleju,dtypes.py,50.0000,type_hints\runs.csv,type_hints\json\type_hints_20260424_0d8d.json
type_hints_20260424_3fd3,type_hints,2026-04-24T02:28:09.194896,aleju,arithmetic.py,50.0000,type_hints\runs.csv,type_hints\json\type_hints_20260424_3fd3.json
type_hints_20260424_78ef,type_hints,2026-04-24T02:30:30.330578,aleju,check_impulse_noise.py,0.0000,type_hints\runs.csv,type_hints\json\type_hints_20260424_78ef.json
type_hints_20260424_1aa8,type_hints,2026-04-24T02:31:20.746118,aleju,heatmaps.py,25.0000,type_hints\runs.csv,type_hints\json\type_hints_20260424_1aa8.json
type_hints_20260424_9c70,type_hints,2026-04-24T02:34:24.264558,aleju,arithmetic.py,0.0000,type_hints\runs.csv,type_hints\json\type_hints_20260424_9c70.json
type_hints_20260424_0962,type_hints,2026-04-24T02:34:44.129058,aleju,check_bb_augmentation.py,0.0000,type_hints\runs.csv,type_hints\json\type_hints_20260424_0962.json
type_hints_20260424_af13,type_hints,2026-04-24T02:35:00.339312,aleju,check_impulse_noise.py,0.0000,type_hints\runs.csv,type_hints\json\type_hints_20260424_af13.json
type_hints_20260424_8e9d,type_hints,2026-04-24T02:36:10.600621,aleju,dtypes.py,100.0000,type_hints\runs.csv,type_hints\json\type_hints_20260424_8e9d.json
type_hints_20260424_2330,type_hints,2026-04-24T02:36:35.817235,aleju,heatmaps.py,50.0000,type_hints\runs.csv,type_hints\json\type_hints_20260424_2330.json
type_hints_20260424_f5d3,type_hints,2026-04-24T02:38:01.499656,aleju,arithmetic.py,0.0000,type_hints\runs.csv,type_hints\json\type_hints_20260424_f5d3.json
type_hints_20260424_1fab,type_hints,2026-04-24T02:38:31.136607,aleju,check_bb_augmentation.py,0.0000,type_hints\runs.csv,type_hints\json\type_hints_20260424_1fab.json
type_hints_20260424_bc55,type_hints,2026-04-24T02:38:48.159602,aleju,check_impulse_noise.py,0.0000,type_hints\runs.csv,type_hints\json\type_hints_20260424_bc55.json
type_hints_20260424_32c0,type_hints,2026-04-24T02:39:12.610295,aleju,dtypes.py,75.0000,type_hints\runs.csv,type_hints\json\type_hints_20260424_32c0.json
type_hints_20260424_4616,type_hints,2026-04-24T02:39:36.377476,aleju,heatmaps.py,50.0000,type_hints\runs.csv,type_hints\json\type_hints_20260424_4616.json
type_hints_20260424_6454,type_hints,2026-04-24T02:43:37.141956,aleju,arithmetic.py,25.0000,type_hints\runs.csv,type_hints\json\type_hints_20260424_6454.json
type_hints_20260424_1f22,type_hints,2026-04-24T02:54:00.848166,aleju,dtypes.py,25.0000,type_hints\runs.csv,type_hints\json\type_hints_20260424_1f22.json
type_hints_20260424_d93e,type_hints,2026-04-24T02:54:23.821169,aleju,heatmaps.py,50.0000,type_hints\runs.csv,type_hints\json\type_hints_20260424_d93e.json
type_hints_20260424_eba3,type_hints,2026-04-24T03:05:19.924199,aleju,arithmetic.py,50.0000,type_hints\runs.csv,type_hints\json\type_hints_20260424_eba3.json
type_hints_20260424_9e2f,type_hints,2026-04-24T03:20:37.124102,aleju,arithmetic.py,25.0000,type_hints\runs.csv,type_hints\json\type_hints_20260424_9e2f.json
type_hints_20260424_1afd,type_hints,2026-04-24T03:21:08.371281,aleju,check_bb_augmentation.py,0.0000,type_hints\runs.csv,type_hints\json\type_hints_20260424_1afd.json
type_hints_20260424_2672,type_hints,2026-04-24T03:22:54.362568,aleju,check_impulse_noise.py,75.0000,type_hints\runs.csv,type_hints\json\type_hints_20260424_2672.json
type_hints_20260424_579d,type_hints,2026-04-24T03:24:04.708608,aleju,dtypes.py,100.0000,type_hints\runs.csv,type_hints\json\type_hints_20260424_579d.json
type_hints_20260424_738e,type_hints,2026-04-24T03:24:28.428019,aleju,heatmaps.py,50.0000,type_hints\runs.csv,type_hints\json\type_hints_20260424_738e.json
type_hints_20260424_ebd6,type_hints,2026-04-24T03:26:30.371019,aleju,arithmetic.py,50.0000,type_hints\runs.csv,type_hints\json\type_hints_20260424_ebd6.json
type_hints_20260424_d5fa,type_hints,2026-04-24T03:34:26.765498,aleju,check_impulse_noise.py,0.0000,type_hints\runs.csv,type_hints\json\type_hints_20260424_d5fa.json
type_hints_20260424_8390,type_hints,2026-04-24T03:37:48.709948,aleju,heatmaps.py,75.0000,type_hints\runs.csv,type_hints\json\type_hints_20260424_8390.json
type_hints_20260424_5304,type_hints,2026-04-24T03:40:42.104283,aleju,arithmetic.py,50.0000,type_hints\runs.csv,type_hints\json\type_hints_20260424_5304.json
type_hints_20260424_19ce,type_hints,2026-04-24T03:46:08.917790,aleju,check_bb_augmentation.py,0.0000,type_hints\runs.csv,type_hints\json\type_hints_20260424_19ce.json
type_hints_20260424_e6e3,type_hints,2026-04-24T03:46:35.285845,aleju,check_impulse_noise.py,0.0000,type_hints\runs.csv,type_hints\json\type_hints_20260424_e6e3.json
type_hints_20260424_abc8,type_hints,2026-04-24T03:49:34.498594,aleju,heatmaps.py,75.0000,type_hints\runs.csv,type_hints\json\type_hints_20260424_abc8.json
type_hints_20260424_5ff3,type_hints,2026-04-24T03:52:26.380577,aleju,arithmetic.py,50.0000,type_hints\runs.csv,type_hints\json\type_hints_20260424_5ff3.json
type_hints_20260424_2b2a,type_hints,2026-04-24T03:52:50.522208,aleju,check_bb_augmentation.py,0.0000,type_hints\runs.csv,type_hints\json\type_hints_20260424_2b2a.json
type_hints_20260424_e8c8,type_hints,2026-04-24T03:53:11.221506,aleju,check_impulse_noise.py,0.0000,type_hints\runs.csv,type_hints\json\type_hints_20260424_e8c8.json
type_hints_20260424_92e7,type_hints,2026-04-24T03:53:35.928517,aleju,dtypes.py,0.0000,type_hints\runs.csv,type_hints\json\type_hints_20260424_92e7.json
type_hints_20260424_f64e,type_hints,2026-04-24T03:53:59.339275,aleju,heatmaps.py,50.0000,type_hints\runs.csv,type_hints\json\type_hints_20260424_f64e.json
type_hints_20260424_7f62,type_hints,2026-04-24T04:00:35.318960,aleju,arithmetic.py,50.0000,type_hints\runs.csv,type_hints\json\type_hints_20260424_7f62.json
type_hints_20260424_8d85,type_hints,2026-04-24T04:04:02.902294,aleju,dtypes.py,50.0000,type_hints\runs.csv,type_hints\json\type_hints_20260424_8d85.json
type_hints_20260424_d0e1,type_hints,2026-04-24T04:05:09.548592,aleju,heatmaps.py,75.0000,type_hints\runs.csv,type_hints\json\type_hints_20260424_d0e1.json
type_hints_20260424_b64f,type_hints,2026-04-24T04:07:06.129127,aleju,arithmetic.py,0.0000,type_hints\runs.csv,type_hints\json\type_hints_20260424_b64f.json
type_hints_20260424_5c6d,type_hints,2026-04-24T04:07:43.768327,aleju,check_bb_augmentation.py,0.0000,type_hints\runs.csv,type_hints\json\type_hints_20260424_5c6d.json
type_hints_20260424_a187,type_hints,2026-04-24T04:08:18.689621,aleju,check_impulse_noise.py,0.0000,type_hints\runs.csv,type_hints\json\type_hints_20260424_a187.json
type_hints_20260424_1c72,type_hints,2026-04-24T04:09:19.476019,aleju,dtypes.py,100.0000,type_hints\runs.csv,type_hints\json\type_hints_20260424_1c72.json
type_hints_20260424_2d53,type_hints,2026-04-24T04:09:40.879493,aleju,heatmaps.py,50.0000,type_hints\runs.csv,type_hints\json\type_hints_20260424_2d53.json
