run_id,timestamp,parent_run_id,category,prompt_summary,author,file_name,original_file,modified_file,ai_tool,rf_orig_pred,rf_orig_conf,rf_mod_pred,rf_mod_conf,rf_evasion,nb_orig_pred,nb_orig_conf,nb_mod_pred,nb_mod_conf,nb_evasion,sgd_orig_pred,sgd_orig_conf,sgd_mod_pred,sgd_mod_conf,sgd_evasion,nn_orig_pred,nn_orig_conf,nn_mod_pred,nn_mod_conf,nn_evasion,l1_distance,l2_distance,cosine_distance,relative_l2,js_divergence,features_changed_pct,max_feature_change,avg_feature_change,stealth_score,stealth_category,orig_accuracy_rate,mod_accuracy_rate,evasion_count,evasion_rate_pct,consensus_prediction,result_type,json_path,notes
restructuring_20260207_b6dd,2026-02-07T15:17:09.172812,,restructuring,Restructure using helper functions and generic variable names,aleju,check_canny.py,/home/elang/Adversarial_Stylometry/dataset_splits/aleju/testing/check_canny.py,/home/elang/Adversarial_Stylometry/automation/modified_files/batch_restructuring_20260207_531e/modified_check_canny.py,ollama/qwen3-coder:30b-a3b-q4_K_M,aleju,0.9608,aleju,0.9361,False,aleju,1.0000,aleju,1.0000,False,aleju,0.9328,aleju,0.9123,False,aleju,1.0000,aleju,0.9999,False,4.2229,0.7248,0.2627,0.7248,0.0976,0.5750,0.2821,0.0004,0.3169,medium,100.0000,100.0000,0,0.0000,aleju,failed,,batch=batch_restructuring_20260207_531e
restructuring_20260207_68a2,2026-02-07T15:18:06.318398,,restructuring,Restructure using helper functions and generic variable names,aleju,check_clouds.py,/home/elang/Adversarial_Stylometry/dataset_splits/aleju/testing/check_clouds.py,/home/elang/Adversarial_Stylometry/automation/modified_files/batch_restructuring_20260207_531e/modified_check_clouds.py,ollama/qwen3-coder:30b-a3b-q4_K_M,aleju,1.0000,aleju,0.9900,False,aleju,1.0000,aleju,1.0000,False,aleju,0.9449,aleju,0.9161,False,aleju,1.0000,aleju,1.0000,False,3.8463,0.7422,0.2755,0.7422,0.1132,0.7083,0.5621,0.0003,0.3294,medium,100.0000,100.0000,0,0.0000,aleju,failed,,batch=batch_restructuring_20260207_531e
restructuring_20260207_20e0,2026-02-07T15:18:17.553932,,restructuring,Restructure using helper functions and generic variable names,aleju,check_randaugment.py,/home/elang/Adversarial_Stylometry/dataset_splits/aleju/testing/check_randaugment.py,/home/elang/Adversarial_Stylometry/automation/modified_files/batch_restructuring_20260207_531e/modified_check_randaugment.py,ollama/qwen3-coder:30b-a3b-q4_K_M,aleju,0.9747,aleju,0.9560,False,aleju,1.0000,aleju,1.0000,False,aleju,0.9397,aleju,0.9291,False,aleju,1.0000,aleju,1.0000,False,3.9247,0.6788,0.2304,0.6788,0.1083,0.3667,0.2070,0.0003,0.2952,medium,100.0000,100.0000,0,0.0000,aleju,failed,,batch=batch_restructuring_20260207_531e
restructuring_20260207_4c1d,2026-02-07T15:19:09.386770,,restructuring,Restructure using helper functions and generic variable names,aleju,data.py,/home/elang/Adversarial_Stylometry/dataset_splits/aleju/testing/data.py,/home/elang/Adversarial_Stylometry/automation/modified_files/batch_restructuring_20260207_531e/modified_data.py,ollama/qwen3-coder:30b-a3b-q4_K_M,aleju,0.8868,aleju,0.8868,False,aleju,1.0000,aleju,1.0000,False,aleju,0.9001,aleju,0.9001,False,aleju,1.0000,aleju,1.0000,False,0.0008,0.0006,0.0000,0.0006,0.0000,0.0000,0.0006,0.0000,0.0002,high,100.0000,100.0000,0,0.0000,aleju,failed,,batch=batch_restructuring_20260207_531e
restructuring_20260207_30a9,2026-02-07T15:22:12.122565,,restructuring,Restructure using helper functions and generic variable names,aleju,imgcorruptlike.py,/home/elang/Adversarial_Stylometry/dataset_splits/aleju/testing/imgcorruptlike.py,/home/elang/Adversarial_Stylometry/automation/modified_files/batch_restructuring_20260207_531e/modified_imgcorruptlike.py,ollama/qwen3-coder:30b-a3b-q4_K_M,aleju,0.9843,aleju,0.9893,False,aleju,1.0000,aleju,1.0000,False,aleju,0.9084,aleju,0.9081,False,aleju,1.0000,aleju,1.0000,False,0.5601,0.0331,0.0005,0.0331,0.0003,0.0083,0.0142,0.0000,0.0102,high,100.0000,100.0000,0,0.0000,aleju,failed,,batch=batch_restructuring_20260207_531e
restructuring_20260207_f9eb,2026-02-07T15:41:28.827964,,restructuring,Restructure using helper functions and generic variable names,aleju,check_randaugment.py,/home/elang/Adversarial_Stylometry/dataset_splits/aleju/testing/check_randaugment.py,/home/elang/Adversarial_Stylometry/automation/modified_files/batch_restructuring_20260207_b6da/modified_check_randaugment.py,ollama/qwen3-coder:30b-a3b-q4_K_M,aleju,0.9747,aleju,0.9697,False,aleju,1.0000,aleju,1.0000,False,aleju,0.9397,aleju,0.9389,False,aleju,1.0000,aleju,1.0000,False,1.4521,0.3199,0.0512,0.3199,0.0360,0.1583,0.1526,0.0001,0.1188,high,100.0000,100.0000,0,0.0000,aleju,failed,,batch=batch_restructuring_20260207_b6da
restructuring_20260207_9579,2026-02-07T15:44:38.315074,,restructuring,Restructure using helper functions and generic variable names,aleju,imgcorruptlike.py,/home/elang/Adversarial_Stylometry/dataset_splits/aleju/testing/imgcorruptlike.py,/home/elang/Adversarial_Stylometry/automation/modified_files/batch_restructuring_20260207_b6da/modified_imgcorruptlike.py,ollama/qwen3-coder:30b-a3b-q4_K_M,aleju,0.9843,aleju,0.9893,False,aleju,1.0000,aleju,1.0000,False,aleju,0.9084,aleju,0.9082,False,aleju,1.0000,aleju,1.0000,False,0.5350,0.0296,0.0004,0.0296,0.0003,0.0000,0.0085,0.0000,0.0091,high,100.0000,100.0000,0,0.0000,aleju,failed,,batch=batch_restructuring_20260207_b6da
restructuring_20260207_1065,2026-02-07T15:47:38.299555,,restructuring,Restructure using helper functions and generic variable names,aleju,kps.py,/home/elang/Adversarial_Stylometry/dataset_splits/aleju/testing/kps.py,/home/elang/Adversarial_Stylometry/automation/modified_files/batch_restructuring_20260207_b6da/modified_kps.py,ollama/qwen3-coder:30b-a3b-q4_K_M,aleju,0.9222,aleju,0.9222,False,aleju,1.0000,aleju,1.0000,False,aleju,0.8407,aleju,0.8396,False,aleju,1.0000,aleju,1.0000,False,0.6340,0.0543,0.0015,0.0543,0.0006,0.0500,0.0295,0.0001,0.0170,high,100.0000,100.0000,0,0.0000,aleju,failed,,batch=batch_restructuring_20260207_b6da
restructuring_20260207_d1a9,2026-02-07T15:56:28.594237,,restructuring,Restructure using helper functions and generic variable names,aleju,polys.py,/home/elang/Adversarial_Stylometry/dataset_splits/aleju/testing/polys.py,/home/elang/Adversarial_Stylometry/automation/modified_files/batch_restructuring_20260207_b6da/modified_polys.py,ollama/qwen3-coder:30b-a3b-q4_K_M,aleju,0.9171,aleju,0.9013,False,aleju,1.0000,aleju,1.0000,False,aleju,0.8292,aleju,0.7751,False,aleju,1.0000,aleju,0.9999,False,4.8876,0.3143,0.0494,0.3143,0.0337,0.7500,0.1719,0.0004,0.1173,high,100.0000,100.0000,0,0.0000,aleju,failed,,batch=batch_restructuring_20260207_b6da
restructuring_20260207_00fe,2026-02-07T15:56:50.503663,,restructuring,"Restructure the Python code to evade attribution models by implementing the following specific transformations while maintaining functionality:

1. **Variable and Function Renaming**:
   - Replace all",aleju,check_randaugment.py,/home/elang/Adversarial_Stylometry/dataset_splits/aleju/testing/check_randaugment.py,/home/elang/Adversarial_Stylometry/automation/modified_files/batch_restructuring_20260207_dd5a/modified_check_randaugment.py,ollama/qwen3-coder:30b-a3b-q4_K_M,aleju,0.9747,aleju,0.8804,False,aleju,1.0000,aleju,1.0000,False,aleju,0.9397,aleju,0.9374,False,aleju,1.0000,aleju,1.0000,False,4.2456,0.7044,0.2481,0.7044,0.1245,0.7083,0.4485,0.0004,0.3121,medium,100.0000,100.0000,0,0.0000,aleju,failed,,batch=batch_restructuring_20260207_dd5a
restructuring_20260207_8837,2026-02-07T16:01:23.808536,,restructuring,"Restructure the Python code to evade attribution models by implementing the following specific transformations while maintaining functionality:

1. **Variable and Function Renaming**:
   - Replace all",aleju,imgcorruptlike.py,/home/elang/Adversarial_Stylometry/dataset_splits/aleju/testing/imgcorruptlike.py,/home/elang/Adversarial_Stylometry/automation/modified_files/batch_restructuring_20260207_dd5a/modified_imgcorruptlike.py,ollama/qwen3-coder:30b-a3b-q4_K_M,aleju,0.9843,aleju,0.9745,False,aleju,1.0000,aleju,1.0000,False,aleju,0.9084,aleju,0.9077,False,aleju,1.0000,aleju,1.0000,False,0.4701,0.0288,0.0004,0.0288,0.0007,0.0000,0.0064,0.0000,0.0089,high,100.0000,100.0000,0,0.0000,aleju,failed,,batch=batch_restructuring_20260207_dd5a
restructuring_20260207_c930,2026-02-07T16:04:24.569284,,restructuring,"Restructure the Python code to evade attribution models by implementing the following specific transformations while maintaining functionality:

1. **Variable and Function Renaming**:
   - Replace all",aleju,kps.py,/home/elang/Adversarial_Stylometry/dataset_splits/aleju/testing/kps.py,/home/elang/Adversarial_Stylometry/automation/modified_files/batch_restructuring_20260207_dd5a/modified_kps.py,ollama/qwen3-coder:30b-a3b-q4_K_M,aleju,0.9222,aleju,0.9123,False,aleju,1.0000,aleju,1.0000,False,aleju,0.8407,aleju,0.8382,False,aleju,1.0000,aleju,1.0000,False,0.5365,0.0951,0.0045,0.0951,0.0033,0.0417,0.0554,0.0000,0.0306,high,100.0000,100.0000,0,0.0000,aleju,failed,,batch=batch_restructuring_20260207_dd5a
restructuring_20260207_218e,2026-02-07T16:08:17.852758,,restructuring,"Restructure the Python code to evade attribution models by implementing the following specific transformations while maintaining functionality:

1. **Variable and Function Renaming**:
   - Replace all",aleju,pillike.py,/home/elang/Adversarial_Stylometry/dataset_splits/aleju/testing/pillike.py,/home/elang/Adversarial_Stylometry/automation/modified_files/batch_restructuring_20260207_dd5a/modified_pillike.py,ollama/qwen3-coder:30b-a3b-q4_K_M,aleju,0.9893,aleju,0.9901,False,aleju,1.0000,aleju,1.0000,False,aleju,0.9272,aleju,0.9114,False,aleju,1.0000,aleju,1.0000,False,11.3706,0.5480,0.1502,0.5480,0.0538,3.4583,0.1665,0.0009,0.2271,medium,100.0000,100.0000,0,0.0000,aleju,failed,,batch=batch_restructuring_20260207_dd5a
restructuring_20260207_c696,2026-02-07T16:12:28.143556,,restructuring,"Restructure the Python code to evade attribution models by implementing the following specific transformations while maintaining functionality:

1. **Variable and Function Renaming**:
   - Replace all",aleju,polys.py,/home/elang/Adversarial_Stylometry/dataset_splits/aleju/testing/polys.py,/home/elang/Adversarial_Stylometry/automation/modified_files/batch_restructuring_20260207_dd5a/modified_polys.py,ollama/qwen3-coder:30b-a3b-q4_K_M,aleju,0.9171,aleju,0.9013,False,aleju,1.0000,aleju,1.0000,False,aleju,0.8292,aleju,0.7777,False,aleju,1.0000,aleju,0.9999,False,5.1619,0.3229,0.0521,0.3229,0.0367,0.7667,0.1621,0.0004,0.1214,high,100.0000,100.0000,0,0.0000,aleju,failed,,batch=batch_restructuring_20260207_dd5a
restructuring_20260207_beae,2026-02-07T16:13:56.484995,,restructuring,"Restructure the Python code to evade attribution models by implementing the following aggressive transformations while maintaining full functionality:

1. **Deep Variable and Function Renaming**:
   -",aleju,check_randaugment.py,/home/elang/Adversarial_Stylometry/dataset_splits/aleju/testing/check_randaugment.py,/home/elang/Adversarial_Stylometry/automation/modified_files/batch_restructuring_20260207_91e5/modified_check_randaugment.py,ollama/qwen3-coder:30b-a3b-q4_K_M,aleju,0.9747,aleju,0.7626,False,aleju,1.0000,UNKNOWN,0.5240,True,aleju,0.9397,UNKNOWN,0.4443,True,aleju,1.0000,UNKNOWN,0.1878,True,9.6896,1.4008,0.9811,1.4008,0.5918,0.8250,0.8120,0.0008,0.7143,low,100.0000,25.0000,3,75.0000,UNKNOWN,strong_evasion,,batch=batch_restructuring_20260207_91e5
restructuring_20260207_de1b,2026-02-07T16:18:02.451469,,restructuring,"Restructure the Python code to evade attribution models by implementing the following aggressive transformations while maintaining full functionality:

1. **Deep Variable and Function Renaming**:
   -",aleju,imgcorruptlike.py,/home/elang/Adversarial_Stylometry/dataset_splits/aleju/testing/imgcorruptlike.py,/home/elang/Adversarial_Stylometry/automation/modified_files/batch_restructuring_20260207_91e5/modified_imgcorruptlike.py,ollama/qwen3-coder:30b-a3b-q4_K_M,aleju,0.9843,aleju,0.9395,False,aleju,1.0000,aleju,1.0000,False,aleju,0.9084,aleju,0.9072,False,aleju,1.0000,aleju,1.0000,False,0.6292,0.0331,0.0005,0.0331,0.0019,0.0000,0.0079,0.0001,0.0105,high,100.0000,100.0000,0,0.0000,aleju,failed,,batch=batch_restructuring_20260207_91e5
restructuring_20260207_3e66,2026-02-07T16:21:02.470303,,restructuring,"Restructure the Python code to evade attribution models by implementing the following aggressive transformations while maintaining full functionality:

1. **Deep Variable and Function Renaming**:
   -",aleju,kps.py,/home/elang/Adversarial_Stylometry/dataset_splits/aleju/testing/kps.py,/home/elang/Adversarial_Stylometry/automation/modified_files/batch_restructuring_20260207_91e5/modified_kps.py,ollama/qwen3-coder:30b-a3b-q4_K_M,aleju,0.9222,aleju,0.9123,False,aleju,1.0000,aleju,1.0000,False,aleju,0.8407,aleju,0.8361,False,aleju,1.0000,aleju,1.0000,False,0.5561,0.1043,0.0054,0.1043,0.0027,0.0417,0.0603,0.0000,0.0335,high,100.0000,100.0000,0,0.0000,aleju,failed,,batch=batch_restructuring_20260207_91e5
restructuring_20260207_d367,2026-02-07T16:29:41.947688,,restructuring,"Restructure the Python code to evade attribution models by implementing the following aggressive transformations while maintaining full functionality:

1. **Deep Variable and Function Renaming**:
   -",aleju,polys.py,/home/elang/Adversarial_Stylometry/dataset_splits/aleju/testing/polys.py,/home/elang/Adversarial_Stylometry/automation/modified_files/batch_restructuring_20260207_91e5/modified_polys.py,ollama/qwen3-coder:30b-a3b-q4_K_M,aleju,0.9171,aleju,0.9013,False,aleju,1.0000,aleju,1.0000,False,aleju,0.8292,aleju,0.7770,False,aleju,1.0000,aleju,0.9999,False,5.3533,0.3276,0.0537,0.3276,0.0394,0.7917,0.1682,0.0004,0.1239,high,100.0000,100.0000,0,0.0000,aleju,failed,,batch=batch_restructuring_20260207_91e5
restructuring_20260207_5a03,2026-02-07T16:38:46.357128,,restructuring,"Restructure the Python code to evade attribution models by implementing the following highly aggressive transformations while maintaining full functionality:

1. **Complete Naming Convention Overhaul*",aleju,imgcorruptlike.py,/home/elang/Adversarial_Stylometry/dataset_splits/aleju/testing/imgcorruptlike.py,/home/elang/Adversarial_Stylometry/automation/modified_files/batch_restructuring_20260207_405f/modified_imgcorruptlike.py,ollama/qwen3-coder:30b-a3b-q4_K_M,aleju,0.9843,aleju,0.9345,False,aleju,1.0000,aleju,1.0000,False,aleju,0.9084,aleju,0.9074,False,aleju,1.0000,aleju,1.0000,False,0.2550,0.0204,0.0002,0.0204,0.0018,0.0000,0.0077,0.0000,0.0065,high,100.0000,100.0000,0,0.0000,aleju,failed,,batch=batch_restructuring_20260207_405f
restructuring_20260207_7a98,2026-02-07T16:41:43.827155,,restructuring,"Restructure the Python code to evade attribution models by implementing the following highly aggressive transformations while maintaining full functionality:

1. **Complete Naming Convention Overhaul*",aleju,kps.py,/home/elang/Adversarial_Stylometry/dataset_splits/aleju/testing/kps.py,/home/elang/Adversarial_Stylometry/automation/modified_files/batch_restructuring_20260207_405f/modified_kps.py,ollama/qwen3-coder:30b-a3b-q4_K_M,aleju,0.9222,aleju,0.9222,False,aleju,1.0000,aleju,1.0000,False,aleju,0.8407,aleju,0.8407,False,aleju,1.0000,aleju,1.0000,False,0.0000,0.0000,0.0000,0.0000,0.0000,0.0000,0.0000,0.0000,0.0000,high,100.0000,100.0000,0,0.0000,aleju,failed,,batch=batch_restructuring_20260207_405f
restructuring_20260207_3e65,2026-02-07T16:59:51.374447,,restructuring,"Restructure the Python code to evade attribution models by implementing the following highly aggressive transformations while maintaining full functionality:

1. **Complete Token Distribution Disrupti",aleju,imgcorruptlike.py,/home/elang/Adversarial_Stylometry/dataset_splits/aleju/testing/imgcorruptlike.py,/home/elang/Adversarial_Stylometry/automation/modified_files/batch_restructuring_20260207_9dd4/modified_imgcorruptlike.py,ollama/qwen3-coder:30b-a3b-q4_K_M,aleju,0.9843,aleju,0.9345,False,aleju,1.0000,aleju,1.0000,False,aleju,0.9084,aleju,0.9073,False,aleju,1.0000,aleju,1.0000,False,0.3818,0.0232,0.0003,0.0232,0.0018,0.0000,0.0078,0.0000,0.0074,high,100.0000,100.0000,0,0.0000,aleju,failed,,batch=batch_restructuring_20260207_9dd4
restructuring_20260207_bc8f,2026-02-07T17:12:58.386414,,restructuring,"Restructure the Python code to evade attribution models by implementing the following highly aggressive transformations while maintaining full functionality:

1. **Complete Token Distribution Disrupti",aleju,polys.py,/home/elang/Adversarial_Stylometry/dataset_splits/aleju/testing/polys.py,/home/elang/Adversarial_Stylometry/automation/modified_files/batch_restructuring_20260207_9dd4/modified_polys.py,ollama/qwen3-coder:30b-a3b-q4_K_M,aleju,0.9171,aleju,0.9013,False,aleju,1.0000,aleju,1.0000,False,aleju,0.8292,aleju,0.7666,False,aleju,1.0000,aleju,0.9998,False,5.3445,0.3302,0.0545,0.3302,0.0405,0.8333,0.1731,0.0004,0.1252,high,100.0000,100.0000,0,0.0000,aleju,failed,,batch=batch_restructuring_20260207_9dd4
restructuring_20260211_8373,2026-02-11T15:19:14.388402,,restructuring,Restructure using helper functions and generic variable names,aleju,check_average_blur.py,/home/elang/Adversarial_Stylometry/dataset_splits/aleju/testing/check_average_blur.py,/home/elang/Adversarial_Stylometry/automation/modified_files/batch_restructuring_20260211_5c45/modified_check_average_blur.py,google/gemini-2.5-flash,aleju,0.9716,aleju,0.9211,False,aleju,1.0000,aleju,1.0000,False,aleju,0.9197,aleju,0.7266,False,aleju,1.0000,aleju,0.9512,False,9.5844,1.0865,0.5902,1.0865,0.3094,1.7417,0.6347,0.0008,0.5424,low,100.0000,100.0000,0,0.0000,aleju,failed,,batch=batch_restructuring_20260211_5c45
restructuring_20260211_cff9,2026-02-11T15:19:29.052214,,restructuring,Restructure using helper functions and generic variable names,aleju,check_bilateral_blur.py,/home/elang/Adversarial_Stylometry/dataset_splits/aleju/testing/check_bilateral_blur.py,/home/elang/Adversarial_Stylometry/automation/modified_files/batch_restructuring_20260211_5c45/modified_check_bilateral_blur.py,google/gemini-2.5-flash,aleju,0.9716,aleju,0.9601,False,aleju,1.0000,aleju,1.0000,False,aleju,0.9181,aleju,0.8596,False,aleju,1.0000,aleju,1.0000,False,5.9354,0.9679,0.4684,0.9679,0.1950,0.7583,0.6255,0.0005,0.4714,medium,100.0000,100.0000,0,0.0000,aleju,failed,,batch=batch_restructuring_20260211_5c45
restructuring_20260211_5760,2026-02-11T15:22:43.544156,,restructuring,Restructure using helper functions and generic variable names,aleju,polys.py,/home/elang/Adversarial_Stylometry/dataset_splits/aleju/testing/polys.py,/home/elang/Adversarial_Stylometry/automation/modified_files/batch_restructuring_20260211_5c45/modified_polys.py,google/gemini-2.5-flash,aleju,0.9171,aleju,0.9121,False,aleju,1.0000,aleju,1.0000,False,aleju,0.8292,aleju,0.8365,False,aleju,1.0000,aleju,1.0000,False,1.6437,0.0894,0.0040,0.0894,0.0083,0.1167,0.0247,0.0001,0.0299,high,100.0000,100.0000,0,0.0000,aleju,failed,,batch=batch_restructuring_20260211_5c45
restructuring_20260211_8b7c,2026-02-11T15:28:07.302408,,restructuring,Restructure using helper functions and generic variable names,aleju,check_affinecv2.py,/home/elang/Adversarial_Stylometry/dataset_splits/aleju/testing/check_affinecv2.py,/home/elang/Adversarial_Stylometry/automation/modified_files/batch_restructuring_20260211_4615/modified_check_affinecv2.py,google/gemini-2.5-flash,aleju,0.9618,aleju,0.9411,False,aleju,1.0000,aleju,1.0000,False,aleju,0.9153,aleju,0.9122,False,aleju,0.9998,aleju,0.9998,False,4.1869,0.4549,0.1035,0.4549,0.1932,1.1833,0.1932,0.0003,0.2085,medium,100.0000,100.0000,0,0.0000,aleju,failed,,batch=batch_restructuring_20260211_4615
restructuring_20260211_2dad,2026-02-11T15:28:27.088530,,restructuring,Restructure using helper functions and generic variable names,aleju,check_rot90.py,/home/elang/Adversarial_Stylometry/dataset_splits/aleju/testing/check_rot90.py,/home/elang/Adversarial_Stylometry/automation/modified_files/batch_restructuring_20260211_4615/modified_check_rot90.py,google/gemini-2.5-flash,aleju,0.9910,aleju,0.9615,False,aleju,1.0000,aleju,1.0000,False,aleju,0.8694,aleju,0.8430,False,aleju,0.9985,aleju,0.9985,False,3.1895,0.3275,0.0536,0.3275,0.1964,1.0167,0.1084,0.0003,0.1556,high,100.0000,100.0000,0,0.0000,aleju,failed,,batch=batch_restructuring_20260211_4615
restructuring_20260211_a894,2026-02-11T15:29:57.033864,,restructuring,Restructure using helper functions and generic variable names,aleju,pillike.py,/home/elang/Adversarial_Stylometry/dataset_splits/aleju/testing/pillike.py,/home/elang/Adversarial_Stylometry/automation/modified_files/batch_restructuring_20260211_4615/modified_pillike.py,google/gemini-2.5-flash,aleju,0.9893,aleju,0.9893,False,aleju,1.0000,aleju,1.0000,False,aleju,0.9272,aleju,0.9270,False,aleju,1.0000,aleju,1.0000,False,0.3626,0.0614,0.0019,0.0614,0.0031,0.0583,0.0298,0.0000,0.0197,high,100.0000,100.0000,0,0.0000,aleju,failed,,batch=batch_restructuring_20260211_4615
restructuring_20260211_4c05,2026-02-11T15:30:38.928293,,restructuring,Aggressively refactor the provided Python code to maximize evasion of authorship attribution models (>75% evasion) while maintaining a stealth score below 0.5 and preserving full functionality. Focus ,aleju,check_affinecv2.py,/home/elang/Adversarial_Stylometry/dataset_splits/aleju/testing/check_affinecv2.py,/home/elang/Adversarial_Stylometry/automation/modified_files/batch_restructuring_20260211_8fe9/modified_check_affinecv2.py,google/gemini-2.5-flash,aleju,0.9618,aleju,0.4645,False,aleju,1.0000,aleju,1.0000,False,aleju,0.9153,UNKNOWN,0.3980,True,aleju,0.9998,aleju,0.9945,False,5.1443,0.8090,0.3273,0.8090,0.2414,0.9000,0.5044,0.0004,0.3910,medium,100.0000,75.0000,1,25.0000,aleju,partial_evasion,,batch=batch_restructuring_20260211_8fe9
restructuring_20260211_6f93,2026-02-11T15:31:00.454663,,restructuring,Aggressively refactor the provided Python code to maximize evasion of authorship attribution models (>75% evasion) while maintaining a stealth score below 0.5 and preserving full functionality. Focus ,aleju,check_rot90.py,/home/elang/Adversarial_Stylometry/dataset_splits/aleju/testing/check_rot90.py,/home/elang/Adversarial_Stylometry/automation/modified_files/batch_restructuring_20260211_8fe9/modified_check_rot90.py,google/gemini-2.5-flash,aleju,0.9910,UNKNOWN,0.5642,True,aleju,1.0000,aleju,0.9990,False,aleju,0.8694,UNKNOWN,0.3888,True,aleju,0.9985,aleju,0.9882,False,7.7397,1.3205,0.8718,1.3205,0.4916,0.7500,0.6005,0.0006,0.6614,low,100.0000,50.0000,2,50.0000,UNKNOWN,partial_evasion,,batch=batch_restructuring_20260211_8fe9
restructuring_20260211_372e,2026-02-11T15:31:40.325995,,restructuring,Aggressively refactor the provided Python code to maximize evasion of authorship attribution models (>75% evasion) while maintaining a stealth score below 0.5 and preserving full functionality. Focus ,aleju,pillike.py,/home/elang/Adversarial_Stylometry/dataset_splits/aleju/testing/pillike.py,/home/elang/Adversarial_Stylometry/automation/modified_files/batch_restructuring_20260211_8fe9/modified_pillike.py,google/gemini-2.5-flash,aleju,0.9893,aleju,0.6257,False,aleju,1.0000,aleju,1.0000,False,aleju,0.9272,UNKNOWN,0.3765,True,aleju,1.0000,aleju,0.9964,False,24.8466,1.2169,0.7404,1.2169,0.4845,5.2250,0.3408,0.0021,0.6295,low,100.0000,75.0000,1,25.0000,aleju,partial_evasion,,batch=batch_restructuring_20260211_8fe9
restructuring_20260211_87a5,2026-02-11T15:32:27.168434,,restructuring,Aggressively refactor the provided Python code to maximize evasion of authorship attribution models (target >75% evasion) while ensuring a stealth score below 0.5 and preserving full functionality. Sp,aleju,check_affinecv2.py,/home/elang/Adversarial_Stylometry/dataset_splits/aleju/testing/check_affinecv2.py,/home/elang/Adversarial_Stylometry/automation/modified_files/batch_restructuring_20260211_8a1a/modified_check_affinecv2.py,google/gemini-2.5-flash,aleju,0.9618,aleju,0.4600,False,aleju,1.0000,aleju,1.0000,False,aleju,0.9153,UNKNOWN,0.5914,True,aleju,0.9998,aleju,0.9965,False,7.1618,0.8575,0.3677,0.8575,0.3086,1.4917,0.5044,0.0006,0.4322,medium,100.0000,75.0000,1,25.0000,aleju,partial_evasion,,batch=batch_restructuring_20260211_8a1a
restructuring_20260211_c64e,2026-02-11T15:32:55.214972,,restructuring,Aggressively refactor the provided Python code to maximize evasion of authorship attribution models (target >75% evasion) while ensuring a stealth score below 0.5 and preserving full functionality. Sp,aleju,check_rot90.py,/home/elang/Adversarial_Stylometry/dataset_splits/aleju/testing/check_rot90.py,/home/elang/Adversarial_Stylometry/automation/modified_files/batch_restructuring_20260211_8a1a/modified_check_rot90.py,google/gemini-2.5-flash,aleju,0.9910,aleju,0.5644,False,aleju,1.0000,aleju,1.0000,False,aleju,0.8694,aleju,0.7220,False,aleju,0.9985,aleju,0.9995,False,12.4120,1.2126,0.7352,1.2126,0.4912,1.9833,0.4149,0.0010,0.6228,low,100.0000,100.0000,0,0.0000,aleju,failed,,batch=batch_restructuring_20260211_8a1a
restructuring_20260211_c124,2026-02-11T15:33:52.698163,,restructuring,Aggressively refactor the provided Python code to maximize evasion of authorship attribution models (target >75% evasion) while ensuring a stealth score below 0.5 and preserving full functionality. Sp,aleju,pillike.py,/home/elang/Adversarial_Stylometry/dataset_splits/aleju/testing/pillike.py,/home/elang/Adversarial_Stylometry/automation/modified_files/batch_restructuring_20260211_8a1a/modified_pillike.py,google/gemini-2.5-flash,aleju,0.9893,aleju,0.5876,False,aleju,1.0000,aleju,1.0000,False,aleju,0.9272,UNKNOWN,0.5378,True,aleju,1.0000,aleju,0.9996,False,23.6799,1.0903,0.5944,1.0903,0.4083,4.8583,0.2201,0.0020,0.5697,low,100.0000,75.0000,1,25.0000,aleju,partial_evasion,,batch=batch_restructuring_20260211_8a1a
restructuring_20260211_1022,2026-02-11T15:43:51.130064,,restructuring,Restructure using helper functions and generic variable names,aleju,check_multiply_hue_and_saturation.py,/home/elang/Adversarial_Stylometry/dataset_splits/aleju/testing/check_multiply_hue_and_saturation.py,/home/elang/Adversarial_Stylometry/automation/modified_files/batch_restructuring_20260211_31e3/modified_check_multiply_hue_and_saturation.py,google/gemini-2.5-flash,aleju,1.0000,aleju,0.9753,False,aleju,1.0000,aleju,1.0000,False,aleju,0.9313,aleju,0.8660,False,aleju,1.0000,aleju,0.9999,False,8.8864,1.0871,0.5909,1.0871,0.3354,0.9500,0.4361,0.0007,0.5462,low,100.0000,100.0000,0,0.0000,aleju,failed,,batch=batch_restructuring_20260211_31e3
restructuring_20260211_4392,2026-02-11T15:44:11.918781,,restructuring,Restructure using helper functions and generic variable names,aleju,check_randaugment.py,/home/elang/Adversarial_Stylometry/dataset_splits/aleju/testing/check_randaugment.py,/home/elang/Adversarial_Stylometry/automation/modified_files/batch_restructuring_20260211_31e3/modified_check_randaugment.py,google/gemini-2.5-flash,aleju,0.9747,aleju,0.9225,False,aleju,1.0000,aleju,1.0000,False,aleju,0.9397,aleju,0.7025,False,aleju,1.0000,aleju,0.9901,False,11.7835,1.1822,0.6988,1.1822,0.3805,1.5083,0.4485,0.0010,0.5888,low,100.0000,100.0000,0,0.0000,aleju,failed,,batch=batch_restructuring_20260211_31e3
restructuring_20260211_d042,2026-02-11T15:44:28.928823,,restructuring,Restructure using helper functions and generic variable names,aleju,check_superpixels.py,/home/elang/Adversarial_Stylometry/dataset_splits/aleju/testing/check_superpixels.py,/home/elang/Adversarial_Stylometry/automation/modified_files/batch_restructuring_20260211_31e3/modified_check_superpixels.py,google/gemini-2.5-flash,aleju,0.9716,aleju,0.9650,False,aleju,1.0000,aleju,1.0000,False,aleju,0.9136,aleju,0.8161,False,aleju,1.0000,aleju,0.9997,False,8.8058,0.9107,0.4147,0.9107,0.2653,1.4250,0.3353,0.0007,0.4535,medium,100.0000,100.0000,0,0.0000,aleju,failed,,batch=batch_restructuring_20260211_31e3
restructuring_20260211_1bf3,2026-02-11T15:46:14.500725,,restructuring,Restructure using helper functions and generic variable names,aleju,contrast.py,/home/elang/Adversarial_Stylometry/dataset_splits/aleju/testing/contrast.py,/home/elang/Adversarial_Stylometry/automation/modified_files/batch_restructuring_20260211_31e3/modified_contrast.py,google/gemini-2.5-flash,aleju,0.9951,aleju,0.9893,False,aleju,1.0000,aleju,1.0000,False,aleju,0.9283,aleju,0.9286,False,aleju,1.0000,aleju,1.0000,False,3.5983,0.2239,0.0251,0.2239,0.0212,0.7167,0.0974,0.0003,0.0804,high,100.0000,100.0000,0,0.0000,aleju,failed,,batch=batch_restructuring_20260211_31e3
restructuring_20260211_2f26,2026-02-11T15:52:16.546800,,restructuring,Restructure using helper functions and generic variable names,aleju,check_bilateral_blur.py,/home/elang/Adversarial_Stylometry/dataset_splits/aleju/testing/check_bilateral_blur.py,/home/elang/Adversarial_Stylometry/automation/modified_files/batch_restructuring_20260211_f40e/modified_check_bilateral_blur.py,google/gemini-2.5-flash,aleju,0.9716,aleju,0.9262,False,aleju,1.0000,aleju,1.0000,False,aleju,0.9181,UNKNOWN,0.6894,True,aleju,1.0000,aleju,0.9637,False,10.5731,1.1373,0.6468,1.1373,0.3339,1.7167,0.6255,0.0009,0.5643,low,100.0000,75.0000,1,25.0000,aleju,partial_evasion,,batch=batch_restructuring_20260211_f40e
restructuring_20260211_cca2,2026-02-11T15:52:26.512564,,restructuring,Restructure using helper functions and generic variable names,aleju,check_canny.py,/home/elang/Adversarial_Stylometry/dataset_splits/aleju/testing/check_canny.py,/home/elang/Adversarial_Stylometry/automation/modified_files/batch_restructuring_20260211_f40e/modified_check_canny.py,google/gemini-2.5-flash,aleju,0.9608,aleju,0.9262,False,aleju,1.0000,aleju,1.0000,False,aleju,0.9328,aleju,0.8494,False,aleju,1.0000,aleju,0.9991,False,7.2339,0.9544,0.4555,0.9544,0.2775,0.8917,0.3774,0.0006,0.4802,medium,100.0000,100.0000,0,0.0000,aleju,failed,,batch=batch_restructuring_20260211_f40e
restructuring_20260211_ab98,2026-02-11T16:08:56.393192,,restructuring,Restructure using helper functions and generic variable names,aleju,check_affinecv2.py,/home/elang/Adversarial_Stylometry/dataset_splits/aleju/testing/check_affinecv2.py,/home/elang/Adversarial_Stylometry/automation/modified_files/batch_restructuring_20260211_1e5d/modified_check_affinecv2.py,google/gemini-2.5-flash-lite,aleju,0.9618,aleju,0.9651,False,aleju,1.0000,aleju,1.0000,False,aleju,0.9153,aleju,0.9172,False,aleju,0.9998,aleju,0.9999,False,1.6718,0.3125,0.0488,0.3125,0.0798,0.3333,0.1096,0.0001,0.1250,high,100.0000,100.0000,0,0.0000,aleju,failed,,batch=batch_restructuring_20260211_1e5d
restructuring_20260211_241d,2026-02-11T16:08:56.856967,,restructuring,Restructure using helper functions and generic variable names,aleju,check_bilateral_blur.py,/home/elang/Adversarial_Stylometry/dataset_splits/aleju/testing/check_bilateral_blur.py,/home/elang/Adversarial_Stylometry/automation/modified_files/batch_restructuring_20260211_1e5d/modified_check_bilateral_blur.py,google/gemini-2.5-flash-lite,aleju,0.9716,aleju,0.9749,False,aleju,1.0000,aleju,1.0000,False,aleju,0.9181,aleju,0.9055,False,aleju,1.0000,aleju,1.0000,False,4.7484,0.8570,0.3672,0.8570,0.1423,0.6667,0.6255,0.0004,0.3970,medium,100.0000,100.0000,0,0.0000,aleju,failed,,batch=batch_restructuring_20260211_1e5d
restructuring_20260211_dfac,2026-02-11T16:08:59.928941,,restructuring,Restructure using helper functions and generic variable names,aleju,check_canny.py,/home/elang/Adversarial_Stylometry/dataset_splits/aleju/testing/check_canny.py,/home/elang/Adversarial_Stylometry/automation/modified_files/batch_restructuring_20260211_1e5d/modified_check_canny.py,google/gemini-2.5-flash-lite,aleju,0.9608,aleju,0.9349,False,aleju,1.0000,aleju,1.0000,False,aleju,0.9328,aleju,0.8934,False,aleju,1.0000,aleju,0.9999,False,6.0197,0.8758,0.3835,0.8758,0.1992,0.8333,0.3932,0.0005,0.4193,medium,100.0000,100.0000,0,0.0000,aleju,failed,,batch=batch_restructuring_20260211_1e5d
restructuring_20260211_a712,2026-02-11T16:09:15.234100,,restructuring,Restructure using helper functions and generic variable names,aleju,data.py,/home/elang/Adversarial_Stylometry/dataset_splits/aleju/testing/data.py,/home/elang/Adversarial_Stylometry/automation/modified_files/batch_restructuring_20260211_1e5d/modified_data.py,google/gemini-2.5-flash-lite,aleju,0.8868,aleju,0.8868,False,aleju,1.0000,aleju,1.0000,False,aleju,0.9001,aleju,0.9043,False,aleju,1.0000,aleju,1.0000,False,1.8235,0.3018,0.0455,0.3018,0.0224,0.2667,0.2044,0.0002,0.1092,high,100.0000,100.0000,0,0.0000,aleju,failed,,batch=batch_restructuring_20260211_1e5d
restructuring_20260211_0ad0,2026-02-11T16:09:57.258663,,restructuring,Restructure using helper functions and generic variable names,aleju,imgcorruptlike.py,/home/elang/Adversarial_Stylometry/dataset_splits/aleju/testing/imgcorruptlike.py,/home/elang/Adversarial_Stylometry/automation/modified_files/batch_restructuring_20260211_1e5d/modified_imgcorruptlike.py,google/gemini-2.5-flash-lite,aleju,0.9843,aleju,0.9843,False,aleju,1.0000,aleju,1.0000,False,aleju,0.9084,aleju,0.9083,False,aleju,1.0000,aleju,1.0000,False,0.0197,0.0069,0.0000,0.0069,0.0002,0.0000,0.0061,0.0000,0.0021,high,100.0000,100.0000,0,0.0000,aleju,failed,,batch=batch_restructuring_20260211_1e5d
restructuring_20260211_3ed6,2026-02-11T16:10:06.041508,,restructuring,"Modify the Python code to evade authorship attribution models, prioritizing changes that significantly alter TF-IDF token distribution and stylometric features while preserving functionality.

**Trans",aleju,check_affinecv2.py,/home/elang/Adversarial_Stylometry/dataset_splits/aleju/testing/check_affinecv2.py,/home/elang/Adversarial_Stylometry/automation/modified_files/batch_restructuring_20260211_cc1f/modified_check_affinecv2.py,google/gemini-2.5-flash-lite,aleju,0.9618,aleju,0.8429,False,aleju,1.0000,aleju,1.0000,False,aleju,0.9153,aleju,0.9083,False,aleju,0.9998,aleju,0.9995,False,1.6625,0.2999,0.0450,0.2999,0.0914,0.4417,0.1932,0.0001,0.1226,high,100.0000,100.0000,0,0.0000,aleju,failed,,batch=batch_restructuring_20260211_cc1f
restructuring_20260211_6eee,2026-02-11T16:10:09.075236,,restructuring,"Modify the Python code to evade authorship attribution models, prioritizing changes that significantly alter TF-IDF token distribution and stylometric features while preserving functionality.

**Trans",aleju,check_bilateral_blur.py,/home/elang/Adversarial_Stylometry/dataset_splits/aleju/testing/check_bilateral_blur.py,/home/elang/Adversarial_Stylometry/automation/modified_files/batch_restructuring_20260211_cc1f/modified_check_bilateral_blur.py,google/gemini-2.5-flash-lite,aleju,0.9716,aleju,0.8430,False,aleju,1.0000,aleju,1.0000,False,aleju,0.9181,aleju,0.9216,False,aleju,1.0000,aleju,1.0000,False,6.1078,0.8773,0.3848,0.8773,0.1712,1.0333,0.6255,0.0005,0.4149,medium,100.0000,100.0000,0,0.0000,aleju,failed,,batch=batch_restructuring_20260211_cc1f
restructuring_20260211_9df0,2026-02-11T16:10:11.371324,,restructuring,"Modify the Python code to evade authorship attribution models, prioritizing changes that significantly alter TF-IDF token distribution and stylometric features while preserving functionality.

**Trans",aleju,check_canny.py,/home/elang/Adversarial_Stylometry/dataset_splits/aleju/testing/check_canny.py,/home/elang/Adversarial_Stylometry/automation/modified_files/batch_restructuring_20260211_cc1f/modified_check_canny.py,google/gemini-2.5-flash-lite,aleju,0.9608,aleju,0.8803,False,aleju,1.0000,aleju,1.0000,False,aleju,0.9328,aleju,0.9217,False,aleju,1.0000,aleju,0.9999,False,2.5881,0.5920,0.1752,0.5920,0.1126,0.2833,0.3138,0.0002,0.2533,medium,100.0000,100.0000,0,0.0000,aleju,failed,,batch=batch_restructuring_20260211_cc1f
restructuring_20260211_c5f0,2026-02-11T16:10:19.071227,,restructuring,"Modify the Python code to evade authorship attribution models, prioritizing changes that significantly alter TF-IDF token distribution and stylometric features while preserving functionality.

**Trans",aleju,data.py,/home/elang/Adversarial_Stylometry/dataset_splits/aleju/testing/data.py,/home/elang/Adversarial_Stylometry/automation/modified_files/batch_restructuring_20260211_cc1f/modified_data.py,google/gemini-2.5-flash-lite,aleju,0.8868,UNKNOWN,0.5434,True,aleju,1.0000,aleju,1.0000,False,aleju,0.9001,UNKNOWN,0.5044,True,aleju,1.0000,aleju,0.9976,False,12.7545,0.8905,0.3965,0.8905,0.2800,2.9667,0.3499,0.0011,0.4480,medium,100.0000,50.0000,2,50.0000,UNKNOWN,partial_evasion,,batch=batch_restructuring_20260211_cc1f
restructuring_20260211_14ba,2026-02-11T16:10:29.070595,,restructuring,"Modify the Python code to evade authorship attribution models, prioritizing changes that significantly alter TF-IDF token distribution and stylometric features while preserving functionality.

**Trans",aleju,imgcorruptlike.py,/home/elang/Adversarial_Stylometry/dataset_splits/aleju/testing/imgcorruptlike.py,/home/elang/Adversarial_Stylometry/automation/modified_files/batch_restructuring_20260211_cc1f/modified_imgcorruptlike.py,google/gemini-2.5-flash-lite,aleju,0.9843,aleju,0.8377,False,aleju,1.0000,aleju,1.0000,False,aleju,0.9084,UNKNOWN,0.3141,True,aleju,1.0000,aleju,0.9975,False,18.5644,1.0659,0.5680,1.0659,0.4264,3.3917,0.2312,0.0015,0.5625,low,100.0000,75.0000,1,25.0000,aleju,partial_evasion,,batch=batch_restructuring_20260211_cc1f
restructuring_20260211_f3fe,2026-02-11T16:10:38.649903,,restructuring,"**Transformation Instructions:**

1.  **Aggressive Variable and Function Renaming:**
    *   Replace all variable and function names with single, randomly chosen letters (e.g., `x`, `y`, `z`, `a`, `b`",aleju,check_affinecv2.py,/home/elang/Adversarial_Stylometry/dataset_splits/aleju/testing/check_affinecv2.py,/home/elang/Adversarial_Stylometry/automation/modified_files/batch_restructuring_20260211_08dd/modified_check_affinecv2.py,google/gemini-2.5-flash-lite,aleju,0.9618,aleju,0.6793,False,aleju,1.0000,aleju,1.0000,False,aleju,0.9153,aleju,0.9057,False,aleju,0.9998,aleju,0.9992,False,2.1096,0.3320,0.0551,0.3320,0.1180,0.5667,0.1932,0.0002,0.1409,high,100.0000,100.0000,0,0.0000,aleju,failed,,batch=batch_restructuring_20260211_08dd
restructuring_20260211_97ae,2026-02-11T16:10:42.090818,,restructuring,"**Transformation Instructions:**

1.  **Aggressive Variable and Function Renaming:**
    *   Replace all variable and function names with single, randomly chosen letters (e.g., `x`, `y`, `z`, `a`, `b`",aleju,check_bilateral_blur.py,/home/elang/Adversarial_Stylometry/dataset_splits/aleju/testing/check_bilateral_blur.py,/home/elang/Adversarial_Stylometry/automation/modified_files/batch_restructuring_20260211_08dd/modified_check_bilateral_blur.py,google/gemini-2.5-flash-lite,aleju,0.9716,UNKNOWN,0.5046,True,aleju,1.0000,aleju,1.0000,False,aleju,0.9181,aleju,0.8773,False,aleju,1.0000,aleju,0.9995,False,6.4880,0.9043,0.4089,0.9043,0.2264,0.9917,0.6255,0.0005,0.4412,medium,100.0000,75.0000,1,25.0000,aleju,partial_evasion,,batch=batch_restructuring_20260211_08dd
restructuring_20260211_d4f9,2026-02-11T16:10:45.022705,,restructuring,"**Transformation Instructions:**

1.  **Aggressive Variable and Function Renaming:**
    *   Replace all variable and function names with single, randomly chosen letters (e.g., `x`, `y`, `z`, `a`, `b`",aleju,check_canny.py,/home/elang/Adversarial_Stylometry/dataset_splits/aleju/testing/check_canny.py,/home/elang/Adversarial_Stylometry/automation/modified_files/batch_restructuring_20260211_08dd/modified_check_canny.py,google/gemini-2.5-flash-lite,aleju,0.9608,UNKNOWN,0.6344,True,aleju,1.0000,aleju,1.0000,False,aleju,0.9328,aleju,0.8802,False,aleju,1.0000,aleju,0.9931,False,5.9452,1.1805,0.6967,1.1805,0.4252,0.5417,0.6344,0.0005,0.5951,low,100.0000,75.0000,1,25.0000,aleju,partial_evasion,,batch=batch_restructuring_20260211_08dd
restructuring_20260211_203f,2026-02-11T16:10:51.914712,,restructuring,"**Transformation Instructions:**

1.  **Aggressive Variable and Function Renaming:**
    *   Replace all variable and function names with single, randomly chosen letters (e.g., `x`, `y`, `z`, `a`, `b`",aleju,data.py,/home/elang/Adversarial_Stylometry/dataset_splits/aleju/testing/data.py,/home/elang/Adversarial_Stylometry/automation/modified_files/batch_restructuring_20260211_08dd/modified_data.py,google/gemini-2.5-flash-lite,aleju,0.8868,aleju,0.5390,False,aleju,1.0000,aleju,1.0000,False,aleju,0.9001,aleju,0.7990,False,aleju,1.0000,aleju,0.9999,False,14.0298,0.9679,0.4684,0.9679,0.3007,2.8667,0.2878,0.0012,0.4967,medium,100.0000,100.0000,0,0.0000,aleju,failed,,batch=batch_restructuring_20260211_08dd
restructuring_20260211_e327,2026-02-11T16:11:03.221396,,restructuring,"**Transformation Instructions:**

1.  **Aggressive Variable and Function Renaming:**
    *   Replace all variable and function names with single, randomly chosen letters (e.g., `x`, `y`, `z`, `a`, `b`",aleju,imgcorruptlike.py,/home/elang/Adversarial_Stylometry/dataset_splits/aleju/testing/imgcorruptlike.py,/home/elang/Adversarial_Stylometry/automation/modified_files/batch_restructuring_20260211_08dd/modified_imgcorruptlike.py,google/gemini-2.5-flash-lite,aleju,0.9843,aleju,0.8371,False,aleju,1.0000,aleju,1.0000,False,aleju,0.9084,UNKNOWN,0.3435,True,aleju,1.0000,aleju,0.9979,False,18.7933,1.0747,0.5775,1.0747,0.4335,3.3583,0.2312,0.0016,0.5667,low,100.0000,75.0000,1,25.0000,aleju,partial_evasion,,batch=batch_restructuring_20260211_08dd
restructuring_20260211_fe68,2026-02-11T16:11:13.145219,,restructuring,"**Transformation Instructions:**

1.  **Extreme Name Obfuscation:**
    *   Replace *all* identifiers (variables, functions, classes, parameters) with single, random lowercase letters (e.g., `a`, `b`,",aleju,check_affinecv2.py,/home/elang/Adversarial_Stylometry/dataset_splits/aleju/testing/check_affinecv2.py,/home/elang/Adversarial_Stylometry/automation/modified_files/batch_restructuring_20260211_70bb/modified_check_affinecv2.py,google/gemini-2.5-flash-lite,aleju,0.9618,aleju,0.8080,False,aleju,1.0000,aleju,1.0000,False,aleju,0.9153,aleju,0.9075,False,aleju,0.9998,aleju,0.9994,False,1.7163,0.3133,0.0491,0.3133,0.0902,0.4083,0.1932,0.0001,0.1276,high,100.0000,100.0000,0,0.0000,aleju,failed,,batch=batch_restructuring_20260211_70bb
restructuring_20260211_7939,2026-02-11T16:11:16.099803,,restructuring,"**Transformation Instructions:**

1.  **Extreme Name Obfuscation:**
    *   Replace *all* identifiers (variables, functions, classes, parameters) with single, random lowercase letters (e.g., `a`, `b`,",aleju,check_bilateral_blur.py,/home/elang/Adversarial_Stylometry/dataset_splits/aleju/testing/check_bilateral_blur.py,/home/elang/Adversarial_Stylometry/automation/modified_files/batch_restructuring_20260211_70bb/modified_check_bilateral_blur.py,google/gemini-2.5-flash-lite,aleju,0.9716,aleju,0.6641,False,aleju,1.0000,aleju,1.0000,False,aleju,0.9181,aleju,0.9185,False,aleju,1.0000,aleju,1.0000,False,6.6996,0.9044,0.4090,0.9044,0.2177,1.0583,0.6255,0.0006,0.4397,medium,100.0000,100.0000,0,0.0000,aleju,failed,,batch=batch_restructuring_20260211_70bb
restructuring_20260211_62dc,2026-02-11T16:11:26.245073,,restructuring,"**Transformation Instructions:**

1.  **Radical Identifier Obfuscation:**
    *   Replace *all* identifiers (variables, function names, class names, parameter names) with the shortest possible arbitra",aleju,check_affinecv2.py,/home/elang/Adversarial_Stylometry/dataset_splits/aleju/testing/check_affinecv2.py,/home/elang/Adversarial_Stylometry/automation/modified_files/batch_restructuring_20260211_002c/modified_check_affinecv2.py,google/gemini-2.5-flash-lite,aleju,0.9618,aleju,0.9073,False,aleju,1.0000,aleju,1.0000,False,aleju,0.9153,aleju,0.9068,False,aleju,0.9998,aleju,0.9994,False,1.7417,0.3471,0.0602,0.3471,0.0960,0.3417,0.1932,0.0001,0.1421,high,100.0000,100.0000,0,0.0000,aleju,failed,,batch=batch_restructuring_20260211_002c
restructuring_20260211_36d4,2026-02-11T16:11:47.542920,,restructuring,"**Transformation Instructions:**

1.  **Radical Identifier Obfuscation (Aggressive Renaming and Scoping):**
    *   Replace *all* user-defined identifiers (variables, function names, class names, para",aleju,check_bilateral_blur.py,/home/elang/Adversarial_Stylometry/dataset_splits/aleju/testing/check_bilateral_blur.py,/home/elang/Adversarial_Stylometry/automation/modified_files/batch_restructuring_20260211_a602/modified_check_bilateral_blur.py,google/gemini-2.5-flash-lite,aleju,0.9716,aleju,0.4699,False,aleju,1.0000,aleju,1.0000,False,aleju,0.9181,aleju,0.8144,False,aleju,1.0000,aleju,0.9996,False,7.5402,1.0627,0.5647,1.0627,0.2618,1.0250,0.6255,0.0006,0.5238,low,100.0000,100.0000,0,0.0000,aleju,failed,,batch=batch_restructuring_20260211_a602
restructuring_20260211_b18e,2026-02-11T16:33:45.796080,,restructuring,Restructure using helper functions and generic variable names,aleju,check_average_blur.py,/home/elang/Adversarial_Stylometry/dataset_splits/aleju/testing/check_average_blur.py,/home/elang/Adversarial_Stylometry/automation/modified_files/batch_restructuring_20260211_2c3b/modified_check_average_blur.py,ollama/qwen3-vl:8b,aleju,0.9716,aleju,0.9600,False,aleju,1.0000,aleju,1.0000,False,aleju,0.9197,aleju,0.9021,False,aleju,1.0000,aleju,1.0000,False,3.7444,0.9630,0.4637,0.9630,0.1355,0.3667,0.6347,0.0003,0.4558,medium,100.0000,100.0000,0,0.0000,aleju,failed,,batch=batch_restructuring_20260211_2c3b
restructuring_20260211_68de,2026-02-11T16:35:02.033288,,restructuring,Restructure using helper functions and generic variable names,aleju,check_bilateral_blur.py,/home/elang/Adversarial_Stylometry/dataset_splits/aleju/testing/check_bilateral_blur.py,/home/elang/Adversarial_Stylometry/automation/modified_files/batch_restructuring_20260211_2c3b/modified_check_bilateral_blur.py,ollama/qwen3-vl:8b,aleju,0.9716,aleju,0.9453,False,aleju,1.0000,aleju,1.0000,False,aleju,0.9181,aleju,0.9003,False,aleju,1.0000,aleju,1.0000,False,5.4959,0.9284,0.4309,0.9284,0.1426,1.0333,0.6255,0.0005,0.4384,medium,100.0000,100.0000,0,0.0000,aleju,failed,,batch=batch_restructuring_20260211_2c3b
restructuring_20260211_a4d0,2026-02-11T16:36:18.694053,,restructuring,Restructure using helper functions and generic variable names,aleju,check_canny.py,/home/elang/Adversarial_Stylometry/dataset_splits/aleju/testing/check_canny.py,/home/elang/Adversarial_Stylometry/automation/modified_files/batch_restructuring_20260211_2c3b/modified_check_canny.py,ollama/qwen3-vl:8b,aleju,0.9608,aleju,0.9312,False,aleju,1.0000,aleju,1.0000,False,aleju,0.9328,aleju,0.9251,False,aleju,1.0000,aleju,1.0000,False,5.8057,0.7923,0.3139,0.7923,0.1472,0.6750,0.3138,0.0005,0.3627,medium,100.0000,100.0000,0,0.0000,aleju,failed,,batch=batch_restructuring_20260211_2c3b
restructuring_20260211_a3f3,2026-02-11T16:37:40.635661,,restructuring,Restructure using helper functions and generic variable names,aleju,check_rot90.py,/home/elang/Adversarial_Stylometry/dataset_splits/aleju/testing/check_rot90.py,/home/elang/Adversarial_Stylometry/automation/modified_files/batch_restructuring_20260211_2c3b/modified_check_rot90.py,ollama/qwen3-vl:8b,aleju,0.9910,aleju,0.9813,False,aleju,1.0000,aleju,1.0000,False,aleju,0.8694,aleju,0.8459,False,aleju,0.9985,aleju,0.9970,False,0.7325,0.1513,0.0114,0.1513,0.0336,0.2583,0.1059,0.0001,0.0561,high,100.0000,100.0000,0,0.0000,aleju,failed,,batch=batch_restructuring_20260211_2c3b
restructuring_20260211_000b,2026-02-11T16:38:33.494939,,restructuring,Restructure using helper functions and generic variable names,aleju,validation.py,/home/elang/Adversarial_Stylometry/dataset_splits/aleju/testing/validation.py,/home/elang/Adversarial_Stylometry/automation/modified_files/batch_restructuring_20260211_2c3b/modified_validation.py,ollama/qwen3-vl:8b,aleju,0.7431,aleju,0.7381,False,aleju,1.0000,aleju,0.9995,False,aleju,0.8076,aleju,0.7274,False,aleju,0.9995,aleju,0.9968,False,3.2284,0.5810,0.1688,0.5810,0.0259,0.8500,0.3716,0.0003,0.2318,medium,100.0000,100.0000,0,0.0000,aleju,failed,,batch=batch_restructuring_20260211_2c3b
restructuring_20260211_a134,2026-02-11T16:42:00.201752,,restructuring,"Transform the provided Python code to maximize evasion of the authorship attribution system by implementing aggressive, functional changes that target all four models (Random Forest, Naive Bayes, SGD ",aleju,check_average_blur.py,/home/elang/Adversarial_Stylometry/dataset_splits/aleju/testing/check_average_blur.py,/home/elang/Adversarial_Stylometry/automation/modified_files/batch_restructuring_20260211_2180/modified_check_average_blur.py,ollama/qwen3-vl:8b,aleju,0.9716,aleju,0.6372,False,aleju,1.0000,aleju,1.0000,False,aleju,0.9197,aleju,0.8685,False,aleju,1.0000,aleju,0.9997,False,3.9828,0.6162,0.1899,0.6162,0.1789,0.5417,0.2499,0.0003,0.2787,medium,100.0000,100.0000,0,0.0000,aleju,failed,,batch=batch_restructuring_20260211_2180
restructuring_20260211_9357,2026-02-11T16:46:34.517811,,restructuring,"Transform the provided Python code to maximize evasion of the authorship attribution system by implementing aggressive, functional changes that target all four models (Random Forest, Naive Bayes, SGD ",aleju,check_bilateral_blur.py,/home/elang/Adversarial_Stylometry/dataset_splits/aleju/testing/check_bilateral_blur.py,/home/elang/Adversarial_Stylometry/automation/modified_files/batch_restructuring_20260211_2180/modified_check_bilateral_blur.py,ollama/qwen3-vl:8b,aleju,0.9716,aleju,0.6235,False,aleju,1.0000,aleju,1.0000,False,aleju,0.9181,aleju,0.8261,False,aleju,1.0000,aleju,0.9983,False,4.5261,0.6293,0.1980,0.6293,0.1781,0.7333,0.2188,0.0004,0.2853,medium,100.0000,100.0000,0,0.0000,aleju,failed,,batch=batch_restructuring_20260211_2180
restructuring_20260211_ca88,2026-02-11T16:49:43.656256,,restructuring,"Transform the provided Python code to maximize evasion of the authorship attribution system by implementing aggressive, functional changes that target all four models (Random Forest, Naive Bayes, SGD ",aleju,check_canny.py,/home/elang/Adversarial_Stylometry/dataset_splits/aleju/testing/check_canny.py,/home/elang/Adversarial_Stylometry/automation/modified_files/batch_restructuring_20260211_2180/modified_check_canny.py,ollama/qwen3-vl:8b,aleju,0.9608,aleju,0.7717,False,aleju,1.0000,aleju,1.0000,False,aleju,0.9328,aleju,0.9279,False,aleju,1.0000,aleju,0.9999,False,2.0098,0.4325,0.0935,0.4325,0.1005,0.2833,0.2066,0.0002,0.1785,high,100.0000,100.0000,0,0.0000,aleju,failed,,batch=batch_restructuring_20260211_2180
restructuring_20260211_4e3d,2026-02-11T16:52:03.609350,,restructuring,"Transform the provided Python code to maximize evasion of the authorship attribution system by implementing aggressive, functional changes that target all four models (Random Forest, Naive Bayes, SGD ",aleju,check_rot90.py,/home/elang/Adversarial_Stylometry/dataset_splits/aleju/testing/check_rot90.py,/home/elang/Adversarial_Stylometry/automation/modified_files/batch_restructuring_20260211_2180/modified_check_rot90.py,ollama/qwen3-vl:8b,aleju,0.9910,aleju,0.9829,False,aleju,1.0000,aleju,1.0000,False,aleju,0.8694,aleju,0.8472,False,aleju,0.9985,aleju,0.9970,False,0.8509,0.2055,0.0211,0.2055,0.0688,0.1833,0.1059,0.0001,0.0821,high,100.0000,100.0000,0,0.0000,aleju,failed,,batch=batch_restructuring_20260211_2180
restructuring_20260211_37c6,2026-02-11T17:01:25.850808,,restructuring,"Transform the provided Python code to maximize evasion of the authorship attribution system by implementing these aggressive, targeted modifications:

1. **Token Distribution Overhaul**:
   - Rename 1",aleju,check_average_blur.py,/home/elang/Adversarial_Stylometry/dataset_splits/aleju/testing/check_average_blur.py,/home/elang/Adversarial_Stylometry/automation/modified_files/batch_restructuring_20260211_e1c1/modified_check_average_blur.py,ollama/qwen3-vl:8b,aleju,0.9716,UNKNOWN,0.5708,True,aleju,1.0000,aleju,1.0000,False,aleju,0.9197,aleju,0.7039,False,aleju,1.0000,aleju,0.9972,False,8.7944,1.1178,0.6247,1.1178,0.3574,1.0583,0.6347,0.0007,0.5610,low,100.0000,75.0000,1,25.0000,aleju,partial_evasion,,batch=batch_restructuring_20260211_e1c1
restructuring_20260211_159f,2026-02-11T17:04:45.702853,,restructuring,"Transform the provided Python code to maximize evasion of the authorship attribution system by implementing these aggressive, targeted modifications:

1. **Token Distribution Overhaul**:
   - Rename 1",aleju,check_bilateral_blur.py,/home/elang/Adversarial_Stylometry/dataset_splits/aleju/testing/check_bilateral_blur.py,/home/elang/Adversarial_Stylometry/automation/modified_files/batch_restructuring_20260211_e1c1/modified_check_bilateral_blur.py,ollama/qwen3-vl:8b,aleju,0.9716,aleju,0.8426,False,aleju,1.0000,aleju,1.0000,False,aleju,0.9181,aleju,0.9183,False,aleju,1.0000,aleju,1.0000,False,5.3005,0.8275,0.3424,0.8275,0.1292,0.9750,0.6255,0.0004,0.3788,medium,100.0000,100.0000,0,0.0000,aleju,failed,,batch=batch_restructuring_20260211_e1c1
restructuring_20260211_8c16,2026-02-11T17:08:00.796484,,restructuring,"Transform the provided Python code to maximize evasion of the authorship attribution system by implementing these aggressive, targeted modifications:

1. **Token Distribution Overhaul**:
   - Rename 1",aleju,check_canny.py,/home/elang/Adversarial_Stylometry/dataset_splits/aleju/testing/check_canny.py,/home/elang/Adversarial_Stylometry/automation/modified_files/batch_restructuring_20260211_e1c1/modified_check_canny.py,ollama/qwen3-vl:8b,aleju,0.9608,UNKNOWN,0.5857,True,aleju,1.0000,aleju,0.9553,False,aleju,0.9328,UNKNOWN,0.3810,True,aleju,1.0000,UNKNOWN,0.4887,True,7.1960,1.1972,0.7167,1.1972,0.4331,0.6000,0.4809,0.0006,0.6028,low,100.0000,25.0000,3,75.0000,UNKNOWN,strong_evasion,,batch=batch_restructuring_20260211_e1c1
restructuring_20260211_0833,2026-02-11T20:03:17.428239,,restructuring,Restructure using helper functions and generic variable names,aleju,check_heatmaps.py,C:\Users\ees10\Documents\Repos\Adversarial_Stylometry\dataset_splits\aleju\testing\check_heatmaps.py,C:\Users\ees10\Documents\Repos\Adversarial_Stylometry\automation\modified_files\batch_restructuring_20260211_f891\modified_check_heatmaps.py,ollama/qwen3-coder:30b,aleju,0.9939,aleju,0.9509,False,aleju,1.0000,aleju,1.0000,False,aleju,0.8646,aleju,0.9052,False,aleju,0.9999,aleju,1.0000,False,8.6738,1.0338,0.5344,1.0338,0.2493,1.2083,0.3110,0.0007,0.5126,low,100.0000,100.0000,0,0.0000,aleju,failed,,batch=batch_restructuring_20260211_f891
restructuring_20260211_0f3b,2026-02-11T20:08:46.292692,,restructuring,Restructure using helper functions and generic variable names,aleju,check_bb_augmentation.py,C:\Users\ees10\Documents\Repos\Adversarial_Stylometry\dataset_splits\aleju\testing\check_bb_augmentation.py,C:\Users\ees10\Documents\Repos\Adversarial_Stylometry\automation\modified_files\batch_restructuring_20260211_351e\modified_check_bb_augmentation.py,ollama/qwen3-coder:30b,aleju,0.9705,aleju,0.9657,False,aleju,1.0000,aleju,1.0000,False,aleju,0.9123,aleju,0.9081,False,aleju,1.0000,aleju,1.0000,False,1.4102,0.3967,0.0787,0.3967,0.0408,0.1333,0.2701,0.0001,0.1511,high,100.0000,100.0000,0,0.0000,aleju,failed,,batch=batch_restructuring_20260211_351e
restructuring_20260211_e5b4,2026-02-11T20:09:10.337224,,restructuring,Restructure using helper functions and generic variable names,aleju,check_cartoon.py,C:\Users\ees10\Documents\Repos\Adversarial_Stylometry\dataset_splits\aleju\testing\check_cartoon.py,C:\Users\ees10\Documents\Repos\Adversarial_Stylometry\automation\modified_files\batch_restructuring_20260211_351e\modified_check_cartoon.py,ollama/qwen3-coder:30b,aleju,0.8812,aleju,0.8712,False,aleju,1.0000,aleju,1.0000,False,aleju,0.7982,aleju,0.8026,False,aleju,0.9990,aleju,0.9992,False,0.3010,0.0577,0.0017,0.0577,0.0161,0.0750,0.0226,0.0000,0.0212,high,100.0000,100.0000,0,0.0000,aleju,failed,,batch=batch_restructuring_20260211_351e
restructuring_20260211_de9c,2026-02-11T20:09:35.624299,,restructuring,Restructure using helper functions and generic variable names,aleju,check_crop_and_pad.py,C:\Users\ees10\Documents\Repos\Adversarial_Stylometry\dataset_splits\aleju\testing\check_crop_and_pad.py,C:\Users\ees10\Documents\Repos\Adversarial_Stylometry\automation\modified_files\batch_restructuring_20260211_351e\modified_check_crop_and_pad.py,ollama/qwen3-coder:30b,aleju,1.0000,aleju,1.0000,False,aleju,1.0000,aleju,1.0000,False,aleju,0.8797,aleju,0.8804,False,aleju,0.9997,aleju,0.9997,False,0.3142,0.0847,0.0036,0.0847,0.0057,0.1000,0.0535,0.0000,0.0278,high,100.0000,100.0000,0,0.0000,aleju,failed,,batch=batch_restructuring_20260211_351e
restructuring_20260211_e96a,2026-02-11T20:09:44.962015,,restructuring,Restructure using helper functions and generic variable names,aleju,check_impulse_noise.py,C:\Users\ees10\Documents\Repos\Adversarial_Stylometry\dataset_splits\aleju\testing\check_impulse_noise.py,C:\Users\ees10\Documents\Repos\Adversarial_Stylometry\automation\modified_files\batch_restructuring_20260211_351e\modified_check_impulse_noise.py,ollama/qwen3-coder:30b,aleju,0.9938,aleju,0.9890,False,aleju,1.0000,aleju,1.0000,False,aleju,0.8680,aleju,0.8643,False,aleju,0.9990,aleju,0.9993,False,1.3573,0.3660,0.0670,0.3660,0.0363,0.1333,0.2121,0.0001,0.1374,high,100.0000,100.0000,0,0.0000,aleju,failed,,batch=batch_restructuring_20260211_351e
restructuring_20260211_3f5c,2026-02-11T20:09:57.372191,,restructuring,Restructure using helper functions and generic variable names,aleju,dtypes.py,C:\Users\ees10\Documents\Repos\Adversarial_Stylometry\dataset_splits\aleju\testing\dtypes.py,C:\Users\ees10\Documents\Repos\Adversarial_Stylometry\automation\modified_files\batch_restructuring_20260211_351e\modified_dtypes.py,ollama/qwen3-coder:30b,aleju,0.8059,UNKNOWN,0.7649,True,aleju,1.0000,UNKNOWN,0.5909,True,aleju,0.8153,UNKNOWN,0.5270,True,aleju,0.9997,UNKNOWN,0.9278,True,10.7764,1.0162,0.5163,1.0162,0.4887,1.8667,0.3735,0.0009,0.5564,low,100.0000,0.0000,4,100.0000,UNKNOWN,full_evasion,,batch=batch_restructuring_20260211_351e
restructuring_20260211_7a83,2026-02-11T20:10:18.246793,,restructuring,"Restructure the Python code by implementing aggressive stylistic obfuscation to evade attribution models:

1. **Variable Name Transformation**:
   - Replace all camelCase and snake_case identifiers wi",aleju,check_bb_augmentation.py,C:\Users\ees10\Documents\Repos\Adversarial_Stylometry\dataset_splits\aleju\testing\check_bb_augmentation.py,C:\Users\ees10\Documents\Repos\Adversarial_Stylometry\automation\modified_files\batch_restructuring_20260211_ebb4\modified_check_bb_augmentation.py,ollama/qwen3-coder:30b,aleju,0.9705,aleju,0.8205,False,aleju,1.0000,aleju,1.0000,False,aleju,0.9123,aleju,0.8842,False,aleju,1.0000,aleju,1.0000,False,6.3405,0.9951,0.4951,0.9951,0.2130,0.9750,0.5801,0.0005,0.4916,medium,100.0000,100.0000,0,0.0000,aleju,failed,,batch=batch_restructuring_20260211_ebb4
restructuring_20260211_ab16,2026-02-11T20:10:55.371180,,restructuring,"Restructure the Python code by implementing aggressive stylistic obfuscation to evade attribution models:

1. **Variable Name Transformation**:
   - Replace all camelCase and snake_case identifiers wi",aleju,check_cartoon.py,C:\Users\ees10\Documents\Repos\Adversarial_Stylometry\dataset_splits\aleju\testing\check_cartoon.py,C:\Users\ees10\Documents\Repos\Adversarial_Stylometry\automation\modified_files\batch_restructuring_20260211_ebb4\modified_check_cartoon.py,ollama/qwen3-coder:30b,aleju,0.8812,aleju,0.6486,False,aleju,1.0000,UNKNOWN,0.6012,True,aleju,0.7982,UNKNOWN,0.3991,True,aleju,0.9990,UNKNOWN,0.3621,True,6.9725,1.4042,0.9859,1.4042,0.6169,0.7750,0.9794,0.0006,0.7207,low,100.0000,25.0000,3,75.0000,UNKNOWN,strong_evasion,,batch=batch_restructuring_20260211_ebb4
restructuring_20260211_fa2d,2026-02-11T20:11:17.985292,,restructuring,"Restructure the Python code by implementing aggressive stylistic obfuscation to evade attribution models:

1. **Variable Name Transformation**:
   - Replace all camelCase and snake_case identifiers wi",aleju,check_crop_and_pad.py,C:\Users\ees10\Documents\Repos\Adversarial_Stylometry\dataset_splits\aleju\testing\check_crop_and_pad.py,C:\Users\ees10\Documents\Repos\Adversarial_Stylometry\automation\modified_files\batch_restructuring_20260211_ebb4\modified_check_crop_and_pad.py,ollama/qwen3-coder:30b,aleju,1.0000,aleju,0.9939,False,aleju,1.0000,aleju,1.0000,False,aleju,0.8797,aleju,0.8482,False,aleju,0.9997,aleju,0.9987,False,1.4348,0.2693,0.0363,0.2693,0.0622,0.3417,0.1580,0.0001,0.1048,high,100.0000,100.0000,0,0.0000,aleju,failed,,batch=batch_restructuring_20260211_ebb4
restructuring_20260211_76a7,2026-02-11T20:11:28.764551,,restructuring,"Restructure the Python code by implementing aggressive stylistic obfuscation to evade attribution models:

1. **Variable Name Transformation**:
   - Replace all camelCase and snake_case identifiers wi",aleju,check_impulse_noise.py,C:\Users\ees10\Documents\Repos\Adversarial_Stylometry\dataset_splits\aleju\testing\check_impulse_noise.py,C:\Users\ees10\Documents\Repos\Adversarial_Stylometry\automation\modified_files\batch_restructuring_20260211_ebb4\modified_check_impulse_noise.py,ollama/qwen3-coder:30b,aleju,0.9938,aleju,0.9939,False,aleju,1.0000,aleju,1.0000,False,aleju,0.8680,aleju,0.8565,False,aleju,0.9990,aleju,0.9989,False,1.3912,0.3702,0.0685,0.3702,0.0935,0.2500,0.2649,0.0001,0.1508,high,100.0000,100.0000,0,0.0000,aleju,failed,,batch=batch_restructuring_20260211_ebb4
restructuring_20260211_656a,2026-02-11T20:11:40.768360,,restructuring,"Restructure the Python code by implementing aggressive stylistic obfuscation to evade attribution models:

1. **Variable Name Transformation**:
   - Replace all camelCase and snake_case identifiers wi",aleju,dtypes.py,C:\Users\ees10\Documents\Repos\Adversarial_Stylometry\dataset_splits\aleju\testing\dtypes.py,C:\Users\ees10\Documents\Repos\Adversarial_Stylometry\automation\modified_files\batch_restructuring_20260211_ebb4\modified_dtypes.py,ollama/qwen3-coder:30b,aleju,0.8059,UNKNOWN,0.6708,True,aleju,1.0000,aleju,0.6845,False,aleju,0.8153,aleju,0.5551,False,aleju,0.9997,UNKNOWN,0.8626,True,13.1943,0.9098,0.4138,0.9098,0.4833,2.4083,0.2128,0.0011,0.4986,medium,100.0000,50.0000,2,50.0000,UNKNOWN,partial_evasion,,batch=batch_restructuring_20260211_ebb4
restructuring_20260211_4273,2026-02-11T20:12:03.675183,,restructuring,"Restructure the Python code using advanced obfuscation techniques to maximize evasion of the attribution models while maintaining exact functionality:

1. **Core Token Disruption**:
   - Replace ALL v",aleju,check_bb_augmentation.py,C:\Users\ees10\Documents\Repos\Adversarial_Stylometry\dataset_splits\aleju\testing\check_bb_augmentation.py,C:\Users\ees10\Documents\Repos\Adversarial_Stylometry\automation\modified_files\batch_restructuring_20260211_d7b4\modified_check_bb_augmentation.py,ollama/qwen3-coder:30b,aleju,0.9705,aleju,0.9606,False,aleju,1.0000,aleju,1.0000,False,aleju,0.9123,aleju,0.9110,False,aleju,1.0000,aleju,1.0000,False,1.5288,0.2889,0.0417,0.2889,0.0561,0.2167,0.1042,0.0001,0.1108,high,100.0000,100.0000,0,0.0000,aleju,failed,,batch=batch_restructuring_20260211_d7b4
restructuring_20260211_5a6b,2026-02-11T20:16:34.487485,,restructuring,"Restructure the Python code using advanced obfuscation techniques to maximize evasion of the attribution models while maintaining exact functionality:

1. **Core Token Disruption**:
   - Replace ALL v",aleju,check_cartoon.py,C:\Users\ees10\Documents\Repos\Adversarial_Stylometry\dataset_splits\aleju\testing\check_cartoon.py,C:\Users\ees10\Documents\Repos\Adversarial_Stylometry\automation\modified_files\batch_restructuring_20260211_d7b4\modified_check_cartoon.py,ollama/qwen3-coder:30b,aleju,0.8812,UNKNOWN,0.4503,True,aleju,1.0000,UNKNOWN,0.4507,True,aleju,0.7982,UNKNOWN,0.4616,True,aleju,0.9990,UNKNOWN,0.6447,True,7.0803,1.4133,0.9987,1.4133,0.6723,0.3333,0.6533,0.0006,0.7347,low,100.0000,0.0000,4,100.0000,UNKNOWN,full_evasion,,batch=batch_restructuring_20260211_d7b4
restructuring_20260211_11c5,2026-02-11T20:16:58.403245,,restructuring,"Restructure the Python code using advanced obfuscation techniques to maximize evasion of the attribution models while maintaining exact functionality:

1. **Core Token Disruption**:
   - Replace ALL v",aleju,check_crop_and_pad.py,C:\Users\ees10\Documents\Repos\Adversarial_Stylometry\dataset_splits\aleju\testing\check_crop_and_pad.py,C:\Users\ees10\Documents\Repos\Adversarial_Stylometry\automation\modified_files\batch_restructuring_20260211_d7b4\modified_check_crop_and_pad.py,ollama/qwen3-coder:30b,aleju,1.0000,aleju,1.0000,False,aleju,1.0000,aleju,1.0000,False,aleju,0.8797,aleju,0.8788,False,aleju,0.9997,aleju,0.9996,False,0.0686,0.0278,0.0004,0.0278,0.0036,0.0250,0.0146,0.0000,0.0092,high,100.0000,100.0000,0,0.0000,aleju,failed,,batch=batch_restructuring_20260211_d7b4
restructuring_20260211_9a09,2026-02-11T20:22:15.232564,,restructuring,"Restructure the Python code using advanced obfuscation techniques to maximize evasion of the attribution models while maintaining exact functionality:

1. **Core Token Disruption**:
   - Replace ALL v",aleju,dtypes.py,C:\Users\ees10\Documents\Repos\Adversarial_Stylometry\dataset_splits\aleju\testing\dtypes.py,C:\Users\ees10\Documents\Repos\Adversarial_Stylometry\automation\modified_files\batch_restructuring_20260211_d7b4\modified_dtypes.py,ollama/qwen3-coder:30b,aleju,0.8059,UNKNOWN,0.7667,True,aleju,1.0000,aleju,0.9803,False,aleju,0.8153,UNKNOWN,0.3467,True,aleju,0.9997,aleju,0.8962,False,11.3370,1.1246,0.6324,1.1246,0.4960,1.8917,0.4918,0.0009,0.5927,low,100.0000,50.0000,2,50.0000,UNKNOWN,partial_evasion,,batch=batch_restructuring_20260211_d7b4
restructuring_20260211_f3a7,2026-02-11T20:22:41.048928,,restructuring,"Restructure the Python code using targeted obfuscation techniques to maximize evasion of the attribution models while preserving exact functionality:

1. **TF-IDF Token Disruption**:
   - Replace ALL ",aleju,check_bb_augmentation.py,C:\Users\ees10\Documents\Repos\Adversarial_Stylometry\dataset_splits\aleju\testing\check_bb_augmentation.py,C:\Users\ees10\Documents\Repos\Adversarial_Stylometry\automation\modified_files\batch_restructuring_20260211_7076\modified_check_bb_augmentation.py,ollama/qwen3-coder:30b,aleju,0.9705,aleju,0.9606,False,aleju,1.0000,aleju,1.0000,False,aleju,0.9123,aleju,0.9098,False,aleju,1.0000,aleju,1.0000,False,1.3225,0.2523,0.0318,0.2523,0.0502,0.2583,0.0901,0.0001,0.0958,high,100.0000,100.0000,0,0.0000,aleju,failed,,batch=batch_restructuring_20260211_7076
restructuring_20260211_c925,2026-02-11T20:23:06.139448,,restructuring,"Restructure the Python code using targeted obfuscation techniques to maximize evasion of the attribution models while preserving exact functionality:

1. **TF-IDF Token Disruption**:
   - Replace ALL ",aleju,check_cartoon.py,C:\Users\ees10\Documents\Repos\Adversarial_Stylometry\dataset_splits\aleju\testing\check_cartoon.py,C:\Users\ees10\Documents\Repos\Adversarial_Stylometry\automation\modified_files\batch_restructuring_20260211_7076\modified_check_cartoon.py,ollama/qwen3-coder:30b,aleju,0.8812,aleju,0.8663,False,aleju,1.0000,aleju,1.0000,False,aleju,0.7982,aleju,0.7903,False,aleju,0.9990,aleju,0.9989,False,0.5354,0.1013,0.0051,0.1013,0.0340,0.1667,0.0663,0.0000,0.0391,high,100.0000,100.0000,0,0.0000,aleju,failed,,batch=batch_restructuring_20260211_7076
restructuring_20260211_a753,2026-02-11T20:23:30.108030,,restructuring,"Restructure the Python code using targeted obfuscation techniques to maximize evasion of the attribution models while preserving exact functionality:

1. **TF-IDF Token Disruption**:
   - Replace ALL ",aleju,check_crop_and_pad.py,C:\Users\ees10\Documents\Repos\Adversarial_Stylometry\dataset_splits\aleju\testing\check_crop_and_pad.py,C:\Users\ees10\Documents\Repos\Adversarial_Stylometry\automation\modified_files\batch_restructuring_20260211_7076\modified_check_crop_and_pad.py,ollama/qwen3-coder:30b,aleju,1.0000,aleju,1.0000,False,aleju,1.0000,aleju,1.0000,False,aleju,0.8797,aleju,0.8788,False,aleju,0.9997,aleju,0.9996,False,0.0686,0.0278,0.0004,0.0278,0.0036,0.0250,0.0146,0.0000,0.0092,high,100.0000,100.0000,0,0.0000,aleju,failed,,batch=batch_restructuring_20260211_7076
restructuring_20260211_5b0c,2026-02-11T20:23:40.775913,,restructuring,"Restructure the Python code using targeted obfuscation techniques to maximize evasion of the attribution models while preserving exact functionality:

1. **TF-IDF Token Disruption**:
   - Replace ALL ",aleju,check_impulse_noise.py,C:\Users\ees10\Documents\Repos\Adversarial_Stylometry\dataset_splits\aleju\testing\check_impulse_noise.py,C:\Users\ees10\Documents\Repos\Adversarial_Stylometry\automation\modified_files\batch_restructuring_20260211_7076\modified_check_impulse_noise.py,ollama/qwen3-coder:30b,aleju,0.9938,aleju,0.9888,False,aleju,1.0000,aleju,1.0000,False,aleju,0.8680,aleju,0.8594,False,aleju,0.9990,aleju,0.9985,False,1.1629,0.3234,0.0523,0.3234,0.0862,0.2583,0.2368,0.0001,0.1305,high,100.0000,100.0000,0,0.0000,aleju,failed,,batch=batch_restructuring_20260211_7076
restructuring_20260211_9c98,2026-02-11T20:23:52.931384,,restructuring,"Restructure the Python code using targeted obfuscation techniques to maximize evasion of the attribution models while preserving exact functionality:

1. **TF-IDF Token Disruption**:
   - Replace ALL ",aleju,dtypes.py,C:\Users\ees10\Documents\Repos\Adversarial_Stylometry\dataset_splits\aleju\testing\dtypes.py,C:\Users\ees10\Documents\Repos\Adversarial_Stylometry\automation\modified_files\batch_restructuring_20260211_7076\modified_dtypes.py,ollama/qwen3-coder:30b,aleju,0.8059,UNKNOWN,0.7577,True,aleju,1.0000,aleju,0.9655,False,aleju,0.8153,UNKNOWN,0.4320,True,aleju,0.9997,UNKNOWN,0.5210,True,11.4468,1.1102,0.6163,1.1102,0.5185,1.8750,0.3620,0.0010,0.5923,low,100.0000,25.0000,3,75.0000,UNKNOWN,strong_evasion,,batch=batch_restructuring_20260211_7076
restructuring_20260211_a272,2026-02-11T20:24:19.979017,,restructuring,"Restructure the Python code using comprehensive obfuscation techniques to maximize evasion of all attribution models while preserving exact functionality:

1. **TF-IDF Token Disruption**:
   - Replace",aleju,check_bb_augmentation.py,C:\Users\ees10\Documents\Repos\Adversarial_Stylometry\dataset_splits\aleju\testing\check_bb_augmentation.py,C:\Users\ees10\Documents\Repos\Adversarial_Stylometry\automation\modified_files\batch_restructuring_20260211_3332\modified_check_bb_augmentation.py,ollama/qwen3-coder:30b,aleju,0.9705,aleju,0.8205,False,aleju,1.0000,aleju,1.0000,False,aleju,0.9123,aleju,0.8918,False,aleju,1.0000,aleju,1.0000,False,5.6329,0.8339,0.3477,0.8339,0.1674,0.9750,0.5801,0.0005,0.3899,medium,100.0000,100.0000,0,0.0000,aleju,failed,,batch=batch_restructuring_20260211_3332
restructuring_20260211_4e1b,2026-02-11T20:24:44.930855,,restructuring,"Restructure the Python code using comprehensive obfuscation techniques to maximize evasion of all attribution models while preserving exact functionality:

1. **TF-IDF Token Disruption**:
   - Replace",aleju,check_cartoon.py,C:\Users\ees10\Documents\Repos\Adversarial_Stylometry\dataset_splits\aleju\testing\check_cartoon.py,C:\Users\ees10\Documents\Repos\Adversarial_Stylometry\automation\modified_files\batch_restructuring_20260211_3332\modified_check_cartoon.py,ollama/qwen3-coder:30b,aleju,0.8812,aleju,0.5050,False,aleju,1.0000,aleju,1.0000,False,aleju,0.7982,aleju,0.7684,False,aleju,0.9990,aleju,0.9984,False,0.5562,0.1034,0.0053,0.1034,0.0365,0.1833,0.0584,0.0000,0.0403,high,100.0000,100.0000,0,0.0000,aleju,failed,,batch=batch_restructuring_20260211_3332
restructuring_20260211_90cf,2026-02-11T20:25:08.864164,,restructuring,"Restructure the Python code using comprehensive obfuscation techniques to maximize evasion of all attribution models while preserving exact functionality:

1. **TF-IDF Token Disruption**:
   - Replace",aleju,check_crop_and_pad.py,C:\Users\ees10\Documents\Repos\Adversarial_Stylometry\dataset_splits\aleju\testing\check_crop_and_pad.py,C:\Users\ees10\Documents\Repos\Adversarial_Stylometry\automation\modified_files\batch_restructuring_20260211_3332\modified_check_crop_and_pad.py,ollama/qwen3-coder:30b,aleju,1.0000,aleju,0.9939,False,aleju,1.0000,aleju,1.0000,False,aleju,0.8797,aleju,0.8582,False,aleju,0.9997,aleju,0.9990,False,1.2954,0.2566,0.0329,0.2566,0.0581,0.2833,0.1580,0.0001,0.0990,high,100.0000,100.0000,0,0.0000,aleju,failed,,batch=batch_restructuring_20260211_3332
restructuring_20260211_3104,2026-02-11T20:30:24.914858,,restructuring,"Restructure the Python code using comprehensive obfuscation techniques to maximize evasion of all attribution models while preserving exact functionality:

1. **TF-IDF Token Disruption**:
   - Replace",aleju,dtypes.py,C:\Users\ees10\Documents\Repos\Adversarial_Stylometry\dataset_splits\aleju\testing\dtypes.py,C:\Users\ees10\Documents\Repos\Adversarial_Stylometry\automation\modified_files\batch_restructuring_20260211_3332\modified_dtypes.py,ollama/qwen3-coder:30b,aleju,0.8059,UNKNOWN,0.7617,True,aleju,1.0000,aleju,0.8897,False,aleju,0.8153,UNKNOWN,0.4273,True,aleju,0.9997,UNKNOWN,0.6104,True,10.9871,1.0784,0.5815,1.0784,0.4772,1.8500,0.5018,0.0009,0.5736,low,100.0000,25.0000,3,75.0000,UNKNOWN,strong_evasion,,batch=batch_restructuring_20260211_3332
restructuring_20260211_72bc,2026-02-11T20:35:19.075852,,restructuring,"Restructure the Python code using aggressive, multi-layered obfuscation to maximize evasion of all attribution models while preserving exact functionality:

1. **Core Identifier Obfuscation**:
   - Re",aleju,check_bb_augmentation.py,C:\Users\ees10\Documents\Repos\Adversarial_Stylometry\dataset_splits\aleju\testing\check_bb_augmentation.py,C:\Users\ees10\Documents\Repos\Adversarial_Stylometry\automation\modified_files\batch_restructuring_20260211_c263\modified_check_bb_augmentation.py,ollama/qwen3-coder:30b,aleju,0.9705,aleju,0.8801,False,aleju,1.0000,UNKNOWN,0.4499,True,aleju,0.9123,UNKNOWN,0.4883,True,aleju,1.0000,UNKNOWN,0.9636,True,8.3681,1.3748,0.9451,1.3748,0.3859,1.0000,0.9983,0.0007,0.6627,low,100.0000,25.0000,3,75.0000,UNKNOWN,strong_evasion,,batch=batch_restructuring_20260211_c263
restructuring_20260211_3b75,2026-02-11T20:40:46.450650,,restructuring,"Restructure the Python code using aggressive, multi-layered obfuscation to maximize evasion of all attribution models while preserving exact functionality:

1. **Core Identifier Obfuscation**:
   - Re",aleju,check_crop_and_pad.py,C:\Users\ees10\Documents\Repos\Adversarial_Stylometry\dataset_splits\aleju\testing\check_crop_and_pad.py,C:\Users\ees10\Documents\Repos\Adversarial_Stylometry\automation\modified_files\batch_restructuring_20260211_c263\modified_check_crop_and_pad.py,ollama/qwen3-coder:30b,aleju,1.0000,aleju,0.6376,False,aleju,1.0000,aleju,1.0000,False,aleju,0.8797,aleju,0.5675,False,aleju,0.9997,aleju,0.9830,False,3.8951,0.6193,0.1917,0.6193,0.1757,0.7500,0.3502,0.0003,0.2800,medium,100.0000,100.0000,0,0.0000,aleju,failed,,batch=batch_restructuring_20260211_c263
restructuring_20260211_ff56,2026-02-11T20:46:04.615641,,restructuring,"Restructure the Python code using aggressive, multi-layered obfuscation to maximize evasion of all attribution models while preserving exact functionality:

1. **Core Identifier Obfuscation**:
   - Re",aleju,dtypes.py,C:\Users\ees10\Documents\Repos\Adversarial_Stylometry\dataset_splits\aleju\testing\dtypes.py,C:\Users\ees10\Documents\Repos\Adversarial_Stylometry\automation\modified_files\batch_restructuring_20260211_c263\modified_dtypes.py,ollama/qwen3-coder:30b,aleju,0.8059,UNKNOWN,0.7616,True,aleju,1.0000,UNKNOWN,0.8396,True,aleju,0.8153,UNKNOWN,0.5127,True,aleju,0.9997,UNKNOWN,0.9182,True,10.6080,1.1926,0.7111,1.1926,0.5751,1.8500,0.5702,0.0009,0.6321,low,100.0000,0.0000,4,100.0000,UNKNOWN,full_evasion,,batch=batch_restructuring_20260211_c263
restructuring_20260211_67a7,2026-02-11T20:46:28.209288,,restructuring,"Restructure the Python code using targeted, subtle obfuscation techniques to maximize evasion of the attribution models while maintaining exact functionality:

1. **TF-IDF Token Disruption**:
   - Rep",aleju,check_bb_augmentation.py,C:\Users\ees10\Documents\Repos\Adversarial_Stylometry\dataset_splits\aleju\testing\check_bb_augmentation.py,C:\Users\ees10\Documents\Repos\Adversarial_Stylometry\automation\modified_files\batch_restructuring_20260211_54e1\modified_check_bb_augmentation.py,ollama/qwen3-coder:30b,aleju,0.9705,aleju,0.9606,False,aleju,1.0000,aleju,1.0000,False,aleju,0.9123,aleju,0.9105,False,aleju,1.0000,aleju,1.0000,False,0.7404,0.1919,0.0184,0.1919,0.0270,0.1167,0.0815,0.0001,0.0687,high,100.0000,100.0000,0,0.0000,aleju,failed,,batch=batch_restructuring_20260211_54e1
restructuring_20260211_b15b,2026-02-11T20:46:51.425316,,restructuring,"Restructure the Python code using targeted, subtle obfuscation techniques to maximize evasion of the attribution models while maintaining exact functionality:

1. **TF-IDF Token Disruption**:
   - Rep",aleju,check_cartoon.py,C:\Users\ees10\Documents\Repos\Adversarial_Stylometry\dataset_splits\aleju\testing\check_cartoon.py,C:\Users\ees10\Documents\Repos\Adversarial_Stylometry\automation\modified_files\batch_restructuring_20260211_54e1\modified_check_cartoon.py,ollama/qwen3-coder:30b,aleju,0.8812,aleju,0.8661,False,aleju,1.0000,aleju,1.0000,False,aleju,0.7982,aleju,0.7889,False,aleju,0.9990,aleju,0.9989,False,0.4068,0.0813,0.0033,0.0813,0.0262,0.1083,0.0474,0.0000,0.0308,high,100.0000,100.0000,0,0.0000,aleju,failed,,batch=batch_restructuring_20260211_54e1
restructuring_20260211_bba0,2026-02-11T20:47:15.134870,,restructuring,"Restructure the Python code using targeted, subtle obfuscation techniques to maximize evasion of the attribution models while maintaining exact functionality:

1. **TF-IDF Token Disruption**:
   - Rep",aleju,check_crop_and_pad.py,C:\Users\ees10\Documents\Repos\Adversarial_Stylometry\dataset_splits\aleju\testing\check_crop_and_pad.py,C:\Users\ees10\Documents\Repos\Adversarial_Stylometry\automation\modified_files\batch_restructuring_20260211_54e1\modified_check_crop_and_pad.py,ollama/qwen3-coder:30b,aleju,1.0000,aleju,1.0000,False,aleju,1.0000,aleju,1.0000,False,aleju,0.8797,aleju,0.8795,False,aleju,0.9997,aleju,0.9997,False,0.0474,0.0192,0.0002,0.0192,0.0025,0.0083,0.0132,0.0000,0.0063,high,100.0000,100.0000,0,0.0000,aleju,failed,,batch=batch_restructuring_20260211_54e1
restructuring_20260211_5689,2026-02-11T20:47:24.302336,,restructuring,"Restructure the Python code using targeted, subtle obfuscation techniques to maximize evasion of the attribution models while maintaining exact functionality:

1. **TF-IDF Token Disruption**:
   - Rep",aleju,check_impulse_noise.py,C:\Users\ees10\Documents\Repos\Adversarial_Stylometry\dataset_splits\aleju\testing\check_impulse_noise.py,C:\Users\ees10\Documents\Repos\Adversarial_Stylometry\automation\modified_files\batch_restructuring_20260211_54e1\modified_check_impulse_noise.py,ollama/qwen3-coder:30b,aleju,0.9938,aleju,0.9888,False,aleju,1.0000,aleju,1.0000,False,aleju,0.8680,aleju,0.8639,False,aleju,0.9990,aleju,0.9987,False,0.4869,0.1859,0.0173,0.1859,0.0401,0.0750,0.1364,0.0000,0.0691,high,100.0000,100.0000,0,0.0000,aleju,failed,,batch=batch_restructuring_20260211_54e1
restructuring_20260211_54c4,2026-02-11T20:47:35.922308,,restructuring,"Restructure the Python code using targeted, subtle obfuscation techniques to maximize evasion of the attribution models while maintaining exact functionality:

1. **TF-IDF Token Disruption**:
   - Rep",aleju,dtypes.py,C:\Users\ees10\Documents\Repos\Adversarial_Stylometry\dataset_splits\aleju\testing\dtypes.py,C:\Users\ees10\Documents\Repos\Adversarial_Stylometry\automation\modified_files\batch_restructuring_20260211_54e1\modified_dtypes.py,ollama/qwen3-coder:30b,aleju,0.8059,UNKNOWN,0.7577,True,aleju,1.0000,aleju,0.9792,False,aleju,0.8153,UNKNOWN,0.3202,True,aleju,0.9997,aleju,0.8704,False,10.7142,1.1424,0.6526,1.1424,0.5077,1.8500,0.5221,0.0009,0.6010,low,100.0000,50.0000,2,50.0000,UNKNOWN,partial_evasion,,batch=batch_restructuring_20260211_54e1
restructuring_20260211_4d05,2026-02-11T20:48:24.476231,,restructuring,"Restructure the Python code using a combination of highly obfuscated naming conventions, deep control flow nesting, and randomized stylistic elements to maximize evasion of Random Forest, Naive Bayes,",aleju,check_cartoon.py,C:\Users\ees10\Documents\Repos\Adversarial_Stylometry\dataset_splits\aleju\testing\check_cartoon.py,C:\Users\ees10\Documents\Repos\Adversarial_Stylometry\automation\modified_files\batch_restructuring_20260211_4fe2\modified_check_cartoon.py,ollama/qwen3-coder:30b,aleju,0.8812,aleju,0.8463,False,aleju,1.0000,aleju,1.0000,False,aleju,0.7982,aleju,0.7934,False,aleju,0.9990,aleju,0.9992,False,0.8557,0.1142,0.0065,0.1142,0.0499,0.1917,0.0387,0.0001,0.0466,high,100.0000,100.0000,0,0.0000,aleju,failed,,batch=batch_restructuring_20260211_4fe2
restructuring_20260211_7a5e,2026-02-11T20:49:12.487540,,restructuring,"Restructure the Python code using a combination of highly obfuscated naming conventions, deep control flow nesting, and randomized stylistic elements to maximize evasion of Random Forest, Naive Bayes,",aleju,check_impulse_noise.py,C:\Users\ees10\Documents\Repos\Adversarial_Stylometry\dataset_splits\aleju\testing\check_impulse_noise.py,C:\Users\ees10\Documents\Repos\Adversarial_Stylometry\automation\modified_files\batch_restructuring_20260211_4fe2\modified_check_impulse_noise.py,ollama/qwen3-coder:30b,aleju,0.9938,aleju,0.9003,False,aleju,1.0000,UNKNOWN,0.3517,True,aleju,0.8680,UNKNOWN,0.3013,True,aleju,0.9990,aleju,0.7370,False,6.6239,1.3870,0.9619,1.3870,0.5463,0.9583,0.8740,0.0006,0.6997,low,100.0000,50.0000,2,50.0000,aleju,partial_evasion,,batch=batch_restructuring_20260211_4fe2
restructuring_20260211_ca92,2026-02-11T20:49:25.382775,,restructuring,"Restructure the Python code using a combination of highly obfuscated naming conventions, deep control flow nesting, and randomized stylistic elements to maximize evasion of Random Forest, Naive Bayes,",aleju,dtypes.py,C:\Users\ees10\Documents\Repos\Adversarial_Stylometry\dataset_splits\aleju\testing\dtypes.py,C:\Users\ees10\Documents\Repos\Adversarial_Stylometry\automation\modified_files\batch_restructuring_20260211_4fe2\modified_dtypes.py,ollama/qwen3-coder:30b,aleju,0.8059,UNKNOWN,0.6824,True,aleju,1.0000,aleju,0.9931,False,aleju,0.8153,aleju,0.6463,False,aleju,0.9997,aleju,0.8313,False,10.9336,0.9445,0.4460,0.9445,0.4752,1.8917,0.3300,0.0009,0.5160,low,100.0000,75.0000,1,25.0000,aleju,partial_evasion,,batch=batch_restructuring_20260211_4fe2
restructuring_20260211_95b3,2026-02-11T20:49:46.981965,,restructuring,Restructure the provided Python code using a hybrid obfuscation strategy that deeply disrupts TF-IDF token distribution and stylometric features while preserving exact functionality. Transform all ide,aleju,check_bb_augmentation.py,C:\Users\ees10\Documents\Repos\Adversarial_Stylometry\dataset_splits\aleju\testing\check_bb_augmentation.py,C:\Users\ees10\Documents\Repos\Adversarial_Stylometry\automation\modified_files\batch_restructuring_20260211_b354\modified_check_bb_augmentation.py,ollama/qwen3-coder:30b,aleju,0.9705,aleju,0.9656,False,aleju,1.0000,aleju,1.0000,False,aleju,0.9123,aleju,0.9121,False,aleju,1.0000,aleju,1.0000,False,0.4543,0.1523,0.0116,0.1523,0.0180,0.0750,0.0909,0.0000,0.0529,high,100.0000,100.0000,0,0.0000,aleju,failed,,batch=batch_restructuring_20260211_b354
restructuring_20260211_4669,2026-02-11T21:05:11.276136,,restructuring,Restructure the provided Python code using a hybrid obfuscation strategy that deeply disrupts TF-IDF token distribution and stylometric features while preserving exact functionality. Transform all ide,aleju,dtypes.py,C:\Users\ees10\Documents\Repos\Adversarial_Stylometry\dataset_splits\aleju\testing\dtypes.py,C:\Users\ees10\Documents\Repos\Adversarial_Stylometry\automation\modified_files\batch_restructuring_20260211_b354\modified_dtypes.py,ollama/qwen3-coder:30b,aleju,0.8059,UNKNOWN,0.7577,True,aleju,1.0000,aleju,0.9196,False,aleju,0.8153,UNKNOWN,0.3192,True,aleju,0.9997,aleju,0.6568,False,10.8674,1.1570,0.6693,1.1570,0.5107,1.8583,0.5206,0.0009,0.6066,low,100.0000,50.0000,2,50.0000,UNKNOWN,partial_evasion,,batch=batch_restructuring_20260211_b354
restructuring_20260211_1343,2026-02-11T21:05:53.095330,,restructuring,"**New Transformation Prompt:**

Modify the provided Python code using a hybrid obfuscation strategy that deeply disrupts TF-IDF token distribution and stylometric features while preserving exact funct",aleju,check_bb_augmentation.py,C:\Users\ees10\Documents\Repos\Adversarial_Stylometry\dataset_splits\aleju\testing\check_bb_augmentation.py,C:\Users\ees10\Documents\Repos\Adversarial_Stylometry\automation\modified_files\batch_restructuring_20260211_6c26\modified_check_bb_augmentation.py,ollama/qwen3-coder:30b,aleju,0.9705,aleju,0.8514,False,aleju,1.0000,aleju,1.0000,False,aleju,0.9123,aleju,0.8895,False,aleju,1.0000,aleju,0.9998,False,3.4641,0.3994,0.0797,0.3994,0.1108,0.7750,0.1096,0.0003,0.1674,high,100.0000,100.0000,0,0.0000,aleju,failed,,batch=batch_restructuring_20260211_6c26
restructuring_20260211_d940,2026-02-11T21:11:20.301394,,restructuring,"**New Transformation Prompt:**

Modify the provided Python code using a hybrid obfuscation strategy that deeply disrupts TF-IDF token distribution and stylometric features while preserving exact funct",aleju,check_crop_and_pad.py,C:\Users\ees10\Documents\Repos\Adversarial_Stylometry\dataset_splits\aleju\testing\check_crop_and_pad.py,C:\Users\ees10\Documents\Repos\Adversarial_Stylometry\automation\modified_files\batch_restructuring_20260211_6c26\modified_check_crop_and_pad.py,ollama/qwen3-coder:30b,aleju,1.0000,aleju,0.7557,False,aleju,1.0000,aleju,1.0000,False,aleju,0.8797,aleju,0.8709,False,aleju,0.9997,aleju,0.9994,False,0.5038,0.0849,0.0036,0.0849,0.0228,0.1917,0.0320,0.0000,0.0315,high,100.0000,100.0000,0,0.0000,aleju,failed,,batch=batch_restructuring_20260211_6c26
restructuring_20260211_8a47,2026-02-11T21:11:29.925331,,restructuring,"**New Transformation Prompt:**

Modify the provided Python code using a hybrid obfuscation strategy that deeply disrupts TF-IDF token distribution and stylometric features while preserving exact funct",aleju,check_impulse_noise.py,C:\Users\ees10\Documents\Repos\Adversarial_Stylometry\dataset_splits\aleju\testing\check_impulse_noise.py,C:\Users\ees10\Documents\Repos\Adversarial_Stylometry\automation\modified_files\batch_restructuring_20260211_6c26\modified_check_impulse_noise.py,ollama/qwen3-coder:30b,aleju,0.9938,aleju,0.6169,False,aleju,1.0000,aleju,1.0000,False,aleju,0.8680,aleju,0.8534,False,aleju,0.9990,aleju,0.9965,False,1.5212,0.2496,0.0312,0.2496,0.1325,0.4083,0.1121,0.0001,0.1115,high,100.0000,100.0000,0,0.0000,aleju,failed,,batch=batch_restructuring_20260211_6c26
restructuring_20260211_99c6,2026-02-11T21:11:40.045949,,restructuring,"**New Transformation Prompt:**

Modify the provided Python code using a hybrid obfuscation strategy that deeply disrupts TF-IDF token distribution and stylometric features while preserving exact funct",aleju,dtypes.py,C:\Users\ees10\Documents\Repos\Adversarial_Stylometry\dataset_splits\aleju\testing\dtypes.py,C:\Users\ees10\Documents\Repos\Adversarial_Stylometry\automation\modified_files\batch_restructuring_20260211_6c26\modified_dtypes.py,ollama/qwen3-coder:30b,aleju,0.8059,UNKNOWN,0.6733,True,aleju,1.0000,UNKNOWN,0.4718,True,aleju,0.8153,aleju,0.4499,False,aleju,0.9997,UNKNOWN,0.8675,True,13.2772,0.9712,0.4716,0.9712,0.4859,2.2583,0.2185,0.0011,0.5345,low,100.0000,25.0000,3,75.0000,UNKNOWN,strong_evasion,,batch=batch_restructuring_20260211_6c26
restructuring_20260211_9759,2026-02-11T21:12:12.162962,,restructuring,"Modify the provided Python code using a **hybrid obfuscation strategy** that deeply disrupts **TF-IDF token distribution**, **n-gram patterns**, and **stylometric features** while preserving **100% fu",aleju,check_bb_augmentation.py,C:\Users\ees10\Documents\Repos\Adversarial_Stylometry\dataset_splits\aleju\testing\check_bb_augmentation.py,C:\Users\ees10\Documents\Repos\Adversarial_Stylometry\automation\modified_files\batch_restructuring_20260211_c30d\modified_check_bb_augmentation.py,ollama/qwen3-coder:30b,aleju,0.9705,aleju,0.8514,False,aleju,1.0000,aleju,1.0000,False,aleju,0.9123,aleju,0.8851,False,aleju,1.0000,aleju,1.0000,False,3.7616,0.5897,0.1739,0.5897,0.1436,0.5583,0.2453,0.0003,0.2589,medium,100.0000,100.0000,0,0.0000,aleju,failed,,batch=batch_restructuring_20260211_c30d
restructuring_20260211_2fab,2026-02-11T21:17:40.328177,,restructuring,"Modify the provided Python code using a **hybrid obfuscation strategy** that deeply disrupts **TF-IDF token distribution**, **n-gram patterns**, and **stylometric features** while preserving **100% fu",aleju,check_crop_and_pad.py,C:\Users\ees10\Documents\Repos\Adversarial_Stylometry\dataset_splits\aleju\testing\check_crop_and_pad.py,C:\Users\ees10\Documents\Repos\Adversarial_Stylometry\automation\modified_files\batch_restructuring_20260211_c30d\modified_check_crop_and_pad.py,ollama/qwen3-coder:30b,aleju,1.0000,aleju,0.7965,False,aleju,1.0000,aleju,1.0000,False,aleju,0.8797,aleju,0.8771,False,aleju,0.9997,aleju,0.9995,False,0.4298,0.0835,0.0035,0.0835,0.0218,0.1667,0.0330,0.0000,0.0308,high,100.0000,100.0000,0,0.0000,aleju,failed,,batch=batch_restructuring_20260211_c30d
restructuring_20260211_65e1,2026-02-11T21:17:51.816857,,restructuring,"Modify the provided Python code using a **hybrid obfuscation strategy** that deeply disrupts **TF-IDF token distribution**, **n-gram patterns**, and **stylometric features** while preserving **100% fu",aleju,check_impulse_noise.py,C:\Users\ees10\Documents\Repos\Adversarial_Stylometry\dataset_splits\aleju\testing\check_impulse_noise.py,C:\Users\ees10\Documents\Repos\Adversarial_Stylometry\automation\modified_files\batch_restructuring_20260211_c30d\modified_check_impulse_noise.py,ollama/qwen3-coder:30b,aleju,0.9938,aleju,0.8797,False,aleju,1.0000,aleju,1.0000,False,aleju,0.8680,aleju,0.8617,False,aleju,0.9990,aleju,0.9987,False,1.4518,0.2459,0.0302,0.2459,0.1121,0.4000,0.0888,0.0001,0.1061,high,100.0000,100.0000,0,0.0000,aleju,failed,,batch=batch_restructuring_20260211_c30d
restructuring_20260211_cb93,2026-02-11T21:18:03.995489,,restructuring,"Modify the provided Python code using a **hybrid obfuscation strategy** that deeply disrupts **TF-IDF token distribution**, **n-gram patterns**, and **stylometric features** while preserving **100% fu",aleju,dtypes.py,C:\Users\ees10\Documents\Repos\Adversarial_Stylometry\dataset_splits\aleju\testing\dtypes.py,C:\Users\ees10\Documents\Repos\Adversarial_Stylometry\automation\modified_files\batch_restructuring_20260211_c30d\modified_dtypes.py,ollama/qwen3-coder:30b,aleju,0.8059,UNKNOWN,0.6824,True,aleju,1.0000,aleju,0.9972,False,aleju,0.8153,aleju,0.7168,False,aleju,0.9997,aleju,0.9587,False,10.3822,0.9252,0.4280,0.9252,0.4800,1.8583,0.3509,0.0009,0.5057,low,100.0000,75.0000,1,25.0000,aleju,partial_evasion,,batch=batch_restructuring_20260211_c30d
restructuring_20260211_66e8,2026-02-11T21:18:37.625805,,restructuring,"Modify the provided Python code using a **hybrid obfuscation strategy** that deeply disrupts **TF-IDF token distribution**, **n-gram patterns**, and **stylometric features** while preserving **100% fu",aleju,check_bb_augmentation.py,C:\Users\ees10\Documents\Repos\Adversarial_Stylometry\dataset_splits\aleju\testing\check_bb_augmentation.py,C:\Users\ees10\Documents\Repos\Adversarial_Stylometry\automation\modified_files\batch_restructuring_20260211_ade1\modified_check_bb_augmentation.py,ollama/qwen3-coder:30b,aleju,0.9705,aleju,0.8514,False,aleju,1.0000,aleju,1.0000,False,aleju,0.9123,aleju,0.9066,False,aleju,1.0000,aleju,1.0000,False,2.6786,0.3904,0.0762,0.3904,0.1116,0.4667,0.1129,0.0002,0.1632,high,100.0000,100.0000,0,0.0000,aleju,failed,,batch=batch_restructuring_20260211_ade1
restructuring_20260211_8c9f,2026-02-11T21:24:06.362465,,restructuring,"Modify the provided Python code using a **hybrid obfuscation strategy** that deeply disrupts **TF-IDF token distribution**, **n-gram patterns**, and **stylometric features** while preserving **100% fu",aleju,check_crop_and_pad.py,C:\Users\ees10\Documents\Repos\Adversarial_Stylometry\dataset_splits\aleju\testing\check_crop_and_pad.py,C:\Users\ees10\Documents\Repos\Adversarial_Stylometry\automation\modified_files\batch_restructuring_20260211_ade1\modified_check_crop_and_pad.py,ollama/qwen3-coder:30b,aleju,1.0000,aleju,0.8116,False,aleju,1.0000,aleju,1.0000,False,aleju,0.8797,aleju,0.8757,False,aleju,0.9997,aleju,0.9994,False,0.6180,0.1136,0.0065,0.1136,0.0321,0.2083,0.0622,0.0001,0.0429,high,100.0000,100.0000,0,0.0000,aleju,failed,,batch=batch_restructuring_20260211_ade1
restructuring_20260211_d4db,2026-02-11T21:24:16.733982,,restructuring,"Modify the provided Python code using a **hybrid obfuscation strategy** that deeply disrupts **TF-IDF token distribution**, **n-gram patterns**, and **stylometric features** while preserving **100% fu",aleju,check_impulse_noise.py,C:\Users\ees10\Documents\Repos\Adversarial_Stylometry\dataset_splits\aleju\testing\check_impulse_noise.py,C:\Users\ees10\Documents\Repos\Adversarial_Stylometry\automation\modified_files\batch_restructuring_20260211_ade1\modified_check_impulse_noise.py,ollama/qwen3-coder:30b,aleju,0.9938,aleju,0.8002,False,aleju,1.0000,aleju,1.0000,False,aleju,0.8680,aleju,0.8592,False,aleju,0.9990,aleju,0.9975,False,1.1994,0.1997,0.0199,0.1997,0.1059,0.3583,0.0824,0.0001,0.0878,high,100.0000,100.0000,0,0.0000,aleju,failed,,batch=batch_restructuring_20260211_ade1
restructuring_20260211_a3cf,2026-02-11T21:24:26.018558,,restructuring,"Modify the provided Python code using a **hybrid obfuscation strategy** that deeply disrupts **TF-IDF token distribution**, **n-gram patterns**, and **stylometric features** while preserving **100% fu",aleju,dtypes.py,C:\Users\ees10\Documents\Repos\Adversarial_Stylometry\dataset_splits\aleju\testing\dtypes.py,C:\Users\ees10\Documents\Repos\Adversarial_Stylometry\automation\modified_files\batch_restructuring_20260211_ade1\modified_dtypes.py,ollama/qwen3-coder:30b,aleju,0.8059,UNKNOWN,0.6712,True,aleju,1.0000,UNKNOWN,0.7263,True,aleju,0.8153,aleju,0.4631,False,aleju,0.9997,UNKNOWN,0.9680,True,13.3277,0.9695,0.4699,0.9695,0.4829,2.3083,0.3258,0.0011,0.5330,low,100.0000,25.0000,3,75.0000,UNKNOWN,strong_evasion,,batch=batch_restructuring_20260211_ade1
restructuring_20260211_4e70,2026-02-11T21:24:57.553709,,restructuring,"Modify the provided Python code using a **hybrid obfuscation strategy** that aggressively disrupts **TF-IDF token frequency**, **n-gram patterns**, and **stylometric features** to evade **Random Fores",aleju,check_bb_augmentation.py,C:\Users\ees10\Documents\Repos\Adversarial_Stylometry\dataset_splits\aleju\testing\check_bb_augmentation.py,C:\Users\ees10\Documents\Repos\Adversarial_Stylometry\automation\modified_files\batch_restructuring_20260211_d520\modified_check_bb_augmentation.py,ollama/qwen3-coder:30b,aleju,0.9705,aleju,0.8205,False,aleju,1.0000,aleju,1.0000,False,aleju,0.9123,aleju,0.8805,False,aleju,1.0000,aleju,1.0000,False,7.5745,1.0035,0.5035,1.0035,0.2535,1.0833,0.5801,0.0006,0.5039,low,100.0000,100.0000,0,0.0000,aleju,failed,,batch=batch_restructuring_20260211_d520
restructuring_20260211_7650,2026-02-11T21:35:39.774719,,restructuring,"Modify the provided Python code using a **hybrid obfuscation strategy** that aggressively disrupts **TF-IDF token frequency**, **n-gram patterns**, and **stylometric features** to evade **Random Fores",aleju,dtypes.py,C:\Users\ees10\Documents\Repos\Adversarial_Stylometry\dataset_splits\aleju\testing\dtypes.py,C:\Users\ees10\Documents\Repos\Adversarial_Stylometry\automation\modified_files\batch_restructuring_20260211_d520\modified_dtypes.py,ollama/qwen3-coder:30b,aleju,0.8059,UNKNOWN,0.5891,True,aleju,1.0000,aleju,0.7576,False,aleju,0.8153,aleju,0.5492,False,aleju,0.9997,UNKNOWN,0.6273,True,14.3883,1.0515,0.5529,1.0515,0.4848,2.3833,0.2690,0.0012,0.5676,low,100.0000,50.0000,2,50.0000,UNKNOWN,partial_evasion,,batch=batch_restructuring_20260211_d520
restructuring_20260211_ce6f,2026-02-11T21:36:10.768370,,restructuring,"Modify the provided Python code using a **hybrid obfuscation strategy** that aggressively alters **TF-IDF token frequency**, **n-gram patterns**, and **stylometric features** to evade attribution mode",aleju,check_bb_augmentation.py,C:\Users\ees10\Documents\Repos\Adversarial_Stylometry\dataset_splits\aleju\testing\check_bb_augmentation.py,C:\Users\ees10\Documents\Repos\Adversarial_Stylometry\automation\modified_files\batch_restructuring_20260211_5185\modified_check_bb_augmentation.py,ollama/qwen3-coder:30b,aleju,0.9705,aleju,0.7624,False,aleju,1.0000,aleju,1.0000,False,aleju,0.9123,aleju,0.8513,False,aleju,1.0000,aleju,0.9992,False,4.9369,0.8002,0.3202,0.8002,0.1682,0.9250,0.5808,0.0004,0.3716,medium,100.0000,100.0000,0,0.0000,aleju,failed,,batch=batch_restructuring_20260211_5185
restructuring_20260211_74f2,2026-02-11T21:46:54.174116,,restructuring,"Modify the provided Python code using a **hybrid obfuscation strategy** that aggressively alters **TF-IDF token frequency**, **n-gram patterns**, and **stylometric features** to evade attribution mode",aleju,dtypes.py,C:\Users\ees10\Documents\Repos\Adversarial_Stylometry\dataset_splits\aleju\testing\dtypes.py,C:\Users\ees10\Documents\Repos\Adversarial_Stylometry\automation\modified_files\batch_restructuring_20260211_5185\modified_dtypes.py,ollama/qwen3-coder:30b,aleju,0.8059,UNKNOWN,0.6124,True,aleju,1.0000,aleju,0.9035,False,aleju,0.8153,aleju,0.6128,False,aleju,0.9997,UNKNOWN,0.5917,True,13.0098,0.9342,0.4364,0.9342,0.4718,2.3417,0.2684,0.0011,0.5102,low,100.0000,50.0000,2,50.0000,UNKNOWN,partial_evasion,,batch=batch_restructuring_20260211_5185
restructuring_20260211_8bb1,2026-02-11T21:47:19.521792,,restructuring,Modify the provided Python code to maximize evasion of attribution models (especially Naive Bayes and SGD Classifier) while maintaining full functional equivalence. Focus on altering TF-IDF token dist,aleju,check_bb_augmentation.py,C:\Users\ees10\Documents\Repos\Adversarial_Stylometry\dataset_splits\aleju\testing\check_bb_augmentation.py,C:\Users\ees10\Documents\Repos\Adversarial_Stylometry\automation\modified_files\batch_restructuring_20260211_739f\modified_check_bb_augmentation.py,ollama/qwen3-coder:30b,aleju,0.9705,aleju,0.8563,False,aleju,1.0000,aleju,1.0000,False,aleju,0.9123,aleju,0.9102,False,aleju,1.0000,aleju,1.0000,False,1.3938,0.2880,0.0415,0.2880,0.0526,0.1917,0.1092,0.0001,0.1097,high,100.0000,100.0000,0,0.0000,aleju,failed,,batch=batch_restructuring_20260211_739f
restructuring_20260211_51b3,2026-02-11T21:58:00.264053,,restructuring,Modify the provided Python code to maximize evasion of attribution models (especially Naive Bayes and SGD Classifier) while maintaining full functional equivalence. Focus on altering TF-IDF token dist,aleju,dtypes.py,C:\Users\ees10\Documents\Repos\Adversarial_Stylometry\dataset_splits\aleju\testing\dtypes.py,C:\Users\ees10\Documents\Repos\Adversarial_Stylometry\automation\modified_files\batch_restructuring_20260211_739f\modified_dtypes.py,ollama/qwen3-coder:30b,aleju,0.8059,UNKNOWN,0.6706,True,aleju,1.0000,UNKNOWN,0.5134,True,aleju,0.8153,UNKNOWN,0.3734,True,aleju,0.9997,UNKNOWN,0.8939,True,13.2628,1.0257,0.5260,1.0257,0.4966,2.1667,0.2585,0.0011,0.5615,low,100.0000,0.0000,4,100.0000,UNKNOWN,full_evasion,,batch=batch_restructuring_20260211_739f
